FormCurve-ID;Date;Season;League;Division;Season_Type;Team_long;Opponent_long;Team;Opponent;Home;PTS;OPP_PTS
06.10.2024_2024-2025_NBBL_NBBL B_REGULAR SEASON_Team Südhessen_ART Giants Düsseldorf;06.10.2024;2024-2025;NBBL;NBBL B;REGULAR SEASON;Team Südhessen;ART Giants Düsseldorf;Südhessen;Düsseldorf;0;95;71
06.10.2024_2024-2025_NBBL_NBBL B_REGULAR SEASON_ROTH Energie BBA GIESSEN 46ers_BBA Hagen;06.10.2024;2024-2025;NBBL;NBBL B;REGULAR SEASON;ROTH Energie BBA GIESSEN 46ers;BBA Hagen;Giessen;BBA Hagen;1;91;78
06.10.2024_2024-2025_NBBL_NBBL B_REGULAR SEASON_RheinStars Köln_Phoenix Hagen;06.10.2024;2024-2025;NBBL;NBBL B;REGULAR SEASON;RheinStars Köln;Phoenix Hagen;Köln;Phoenix Hagen;0;93;60
06.10.2024_2024-2025_NBBL_NBBL B_REGULAR SEASON_Phoenix Hagen_RheinStars Köln;06.10.2024;2024-2025;NBBL;NBBL B;REGULAR SEASON;Phoenix Hagen;RheinStars Köln;Phoenix Hagen;Köln;1;60;93
06.10.2024_2024-2025_NBBL_NBBL B_REGULAR SEASON_BBA Hagen_ROTH Energie BBA GIESSEN 46ers;06.10.2024;2024-2025;NBBL;NBBL B;REGULAR SEASON;BBA Hagen;ROTH Energie BBA GIESSEN 46ers;BBA Hagen;Giessen;0;78;91
06.10.2024_2024-2025_NBBL_NBBL B_REGULAR SEASON_ART Giants Düsseldorf_Team Südhessen;06.10.2024;2024-2025;NBBL;NBBL B;REGULAR SEASON;ART Giants Düsseldorf;Team Südhessen;Düsseldorf;Südhessen;1;71;95
12.10.2024_2024-2025_NBBL_NBBL A_REGULAR SEASON_KICKZ IBAM_FC Bayern München Basketball;12.10.2024;2024-2025;NBBL;NBBL A;REGULAR SEASON;KICKZ IBAM;FC Bayern München Basketball;IBAM;Bayern München;0;79;52
12.10.2024_2024-2025_NBBL_NBBL A_REGULAR SEASON_FC Bayern München Basketball_KICKZ IBAM;12.10.2024;2024-2025;NBBL;NBBL A;REGULAR SEASON;FC Bayern München Basketball;KICKZ IBAM;Bayern München;IBAM;1;52;79
12.10.2024_2024-2025_JBBL_JBBL_QUALIFICATION_Young Gladiators Trier_ROTH Energie BBA GIESSEN 46ers;12.10.2024;2024-2025;JBBL;JBBL;QUALIFICATION;Young Gladiators Trier;ROTH Energie BBA GIESSEN 46ers;Trier;Giessen;1;89;112
12.10.2024_2024-2025_JBBL_JBBL_QUALIFICATION_ROTH Energie BBA GIESSEN 46ers_Young Gladiators Trier;12.10.2024;2024-2025;JBBL;JBBL;QUALIFICATION;ROTH Energie BBA GIESSEN 46ers;Young Gladiators Trier;Giessen;Trier;0;112;89
12.10.2024_2024-2025_JBBL_JBBL_QUALIFICATION_ROSTOCK SEAWOLVES_Northwestern Basketball Academy;12.10.2024;2024-2025;JBBL;JBBL;QUALIFICATION;ROSTOCK SEAWOLVES;Northwestern Basketball Academy;Rostock;Northwestern;1;89;67
12.10.2024_2024-2025_JBBL_JBBL_QUALIFICATION_Northwestern Basketball Academy_ROSTOCK SEAWOLVES;12.10.2024;2024-2025;JBBL;JBBL;QUALIFICATION;Northwestern Basketball Academy;ROSTOCK SEAWOLVES;Northwestern;Rostock;0;67;89
12.10.2024_2024-2025_JBBL_JBBL_QUALIFICATION_Metropol YoungStars_BBA Hagen;12.10.2024;2024-2025;JBBL;JBBL;QUALIFICATION;Metropol YoungStars;BBA Hagen;Metropol;BBA Hagen;1;95;62
12.10.2024_2024-2025_JBBL_JBBL_QUALIFICATION_BBA Hagen_Metropol YoungStars;12.10.2024;2024-2025;JBBL;JBBL;QUALIFICATION;BBA Hagen;Metropol YoungStars;BBA Hagen;Metropol;0;62;95
13.10.2024_2024-2025_NBBL_NBBL B_REGULAR SEASON_VfL Kirchheim Knights_Orange Academy;13.10.2024;2024-2025;NBBL;NBBL B;REGULAR SEASON;VfL Kirchheim Knights;Orange Academy;Kirchheim;Orange;1;49;116
13.10.2024_2024-2025_NBBL_NBBL B_REGULAR SEASON_USC Academics Heidelberg_Rhein-Neckar Metropolitans;13.10.2024;2024-2025;NBBL;NBBL B;REGULAR SEASON;USC Academics Heidelberg;Rhein-Neckar Metropolitans;Heidelberg;Rhein-Neckar;0;78;57
13.10.2024_2024-2025_NBBL_NBBL B_REGULAR SEASON_TS Jahn München_ratiopharm Ulm;13.10.2024;2024-2025;NBBL;NBBL B;REGULAR SEASON;TS Jahn München;ratiopharm Ulm;Jahn München;Ulm;1;55;82
13.10.2024_2024-2025_NBBL_NBBL B_REGULAR SEASON_TG 1837 Hanau a.V._Dresden Titans;13.10.2024;2024-2025;NBBL;NBBL B;REGULAR SEASON;TG 1837 Hanau a.V.;Dresden Titans;Hanau;Dresden;1;71;87
13.10.2024_2024-2025_NBBL_NBBL B_REGULAR SEASON_Team Südhessen_ROTH Energie BBA GIESSEN 46ers;13.10.2024;2024-2025;NBBL;NBBL B;REGULAR SEASON;Team Südhessen;ROTH Energie BBA GIESSEN 46ers;Südhessen;Giessen;1;89;73
13.10.2024_2024-2025_NBBL_NBBL B_REGULAR SEASON_Team Bonn/Rhöndorf_ART Giants Düsseldorf;13.10.2024;2024-2025;NBBL;NBBL B;REGULAR SEASON;Team Bonn/Rhöndorf;ART Giants Düsseldorf;Bonn-Rhöndorf;Düsseldorf;0;80;64
13.10.2024_2024-2025_NBBL_NBBL B_REGULAR SEASON_SG Junior Löwen Braunschweig_Eisbären Bremerhaven;13.10.2024;2024-2025;NBBL;NBBL B;REGULAR SEASON;SG Junior Löwen Braunschweig;Eisbären Bremerhaven;Braunschweig;Bremerhaven;1;105;72
13.10.2024_2024-2025_NBBL_NBBL B_REGULAR SEASON_ROTH Energie BBA GIESSEN 46ers_Team Südhessen;13.10.2024;2024-2025;NBBL;NBBL B;REGULAR SEASON;ROTH Energie BBA GIESSEN 46ers;Team Südhessen;Giessen;Südhessen;0;73;89
13.10.2024_2024-2025_NBBL_NBBL B_REGULAR SEASON_ROSTOCK SEAWOLVES_Metropol Baskets Ruhr;13.10.2024;2024-2025;NBBL;NBBL B;REGULAR SEASON;ROSTOCK SEAWOLVES;Metropol Baskets Ruhr;Rostock;Metropol;0;89;46
13.10.2024_2024-2025_NBBL_NBBL B_REGULAR SEASON_Rhein-Neckar Metropolitans_USC Academics Heidelberg;13.10.2024;2024-2025;NBBL;NBBL B;REGULAR SEASON;Rhein-Neckar Metropolitans;USC Academics Heidelberg;Rhein-Neckar;Heidelberg;1;57;78
13.10.2024_2024-2025_NBBL_NBBL B_REGULAR SEASON_ratiopharm Ulm_TS Jahn München;13.10.2024;2024-2025;NBBL;NBBL B;REGULAR SEASON;ratiopharm Ulm;TS Jahn München;Ulm;Jahn München;0;82;55
13.10.2024_2024-2025_NBBL_NBBL B_REGULAR SEASON_RASTA Academy_Hamburg Towers;13.10.2024;2024-2025;NBBL;NBBL B;REGULAR SEASON;RASTA Academy;Hamburg Towers;RASTA Academy;Hamburg;1;90;71
13.10.2024_2024-2025_NBBL_NBBL B_REGULAR SEASON_Phoenix Hagen_BBA Hagen;13.10.2024;2024-2025;NBBL;NBBL B;REGULAR SEASON;Phoenix Hagen;BBA Hagen;Phoenix Hagen;BBA Hagen;0;66;77
13.10.2024_2024-2025_NBBL_NBBL B_REGULAR SEASON_Orange Academy_VfL Kirchheim Knights;13.10.2024;2024-2025;NBBL;NBBL B;REGULAR SEASON;Orange Academy;VfL Kirchheim Knights;Orange;Kirchheim;0;116;49
13.10.2024_2024-2025_NBBL_NBBL B_REGULAR SEASON_Metropol Baskets Ruhr_ROSTOCK SEAWOLVES;13.10.2024;2024-2025;NBBL;NBBL B;REGULAR SEASON;Metropol Baskets Ruhr;ROSTOCK SEAWOLVES;Metropol;Rostock;1;46;89
13.10.2024_2024-2025_NBBL_NBBL B_REGULAR SEASON_Hamburg Towers_RASTA Academy;13.10.2024;2024-2025;NBBL;NBBL B;REGULAR SEASON;Hamburg Towers;RASTA Academy;Hamburg;RASTA Academy;0;71;90
13.10.2024_2024-2025_NBBL_NBBL B_REGULAR SEASON_Eisbären Bremerhaven_SG Junior Löwen Braunschweig;13.10.2024;2024-2025;NBBL;NBBL B;REGULAR SEASON;Eisbären Bremerhaven;SG Junior Löwen Braunschweig;Bremerhaven;Braunschweig;0;72;105
13.10.2024_2024-2025_NBBL_NBBL B_REGULAR SEASON_Dresden Titans_TG 1837 Hanau a.V.;13.10.2024;2024-2025;NBBL;NBBL B;REGULAR SEASON;Dresden Titans;TG 1837 Hanau a.V.;Dresden;Hanau;0;87;71
13.10.2024_2024-2025_NBBL_NBBL B_REGULAR SEASON_BBA Hagen_Phoenix Hagen;13.10.2024;2024-2025;NBBL;NBBL B;REGULAR SEASON;BBA Hagen;Phoenix Hagen;BBA Hagen;Phoenix Hagen;1;77;66
13.10.2024_2024-2025_NBBL_NBBL B_REGULAR SEASON_ART Giants Düsseldorf_Team Bonn/Rhöndorf;13.10.2024;2024-2025;NBBL;NBBL B;REGULAR SEASON;ART Giants Düsseldorf;Team Bonn/Rhöndorf;Düsseldorf;Bonn-Rhöndorf;1;64;80
13.10.2024_2024-2025_NBBL_NBBL A_REGULAR SEASON_YOUNG RASTA DRAGONS_Gartenzaun24 Baskets Paderborn;13.10.2024;2024-2025;NBBL;NBBL A;REGULAR SEASON;YOUNG RASTA DRAGONS;Gartenzaun24 Baskets Paderborn;Vechta;Paderborn;1;47;83
13.10.2024_2024-2025_NBBL_NBBL A_REGULAR SEASON_UBC Münster_Bayer Giants Leverkusen;13.10.2024;2024-2025;NBBL;NBBL A;REGULAR SEASON;UBC Münster;Bayer Giants Leverkusen;Münster;Leverkusen;0;75;72
13.10.2024_2024-2025_NBBL_NBBL A_REGULAR SEASON_TEAM URSPRING_SCIENCE CITY JENA;13.10.2024;2024-2025;NBBL;NBBL A;REGULAR SEASON;TEAM URSPRING;SCIENCE CITY JENA;Urspring;Jena;0;59;54
13.10.2024_2024-2025_NBBL_NBBL A_REGULAR SEASON_SCIENCE CITY JENA_TEAM URSPRING;13.10.2024;2024-2025;NBBL;NBBL A;REGULAR SEASON;SCIENCE CITY JENA;TEAM URSPRING;Jena;Urspring;1;54;59
13.10.2024_2024-2025_NBBL_NBBL A_REGULAR SEASON_Sartorius Juniors_Berlin Braves Baskets;13.10.2024;2024-2025;NBBL;NBBL A;REGULAR SEASON;Sartorius Juniors;Berlin Braves Baskets;Göttingen;Berlin Braves;0;76;92
13.10.2024_2024-2025_NBBL_NBBL A_REGULAR SEASON_Porsche BBA Ludwigsburg_Eintracht Frankfurt / SKYLINERS;13.10.2024;2024-2025;NBBL;NBBL A;REGULAR SEASON;Porsche BBA Ludwigsburg;Eintracht Frankfurt / SKYLINERS;Ludwigsburg;Frankfurt;0;82;84
13.10.2024_2024-2025_NBBL_NBBL A_REGULAR SEASON_Nürnberg Falcons_Niners Chemnitz Academy;13.10.2024;2024-2025;NBBL;NBBL A;REGULAR SEASON;Nürnberg Falcons;Niners Chemnitz Academy;Nürnberg;Chemnitz;0;76;85
13.10.2024_2024-2025_NBBL_NBBL A_REGULAR SEASON_Niners Chemnitz Academy_Nürnberg Falcons;13.10.2024;2024-2025;NBBL;NBBL A;REGULAR SEASON;Niners Chemnitz Academy;Nürnberg Falcons;Chemnitz;Nürnberg;1;85;76
13.10.2024_2024-2025_NBBL_NBBL A_REGULAR SEASON_Gartenzaun24 Baskets Paderborn_YOUNG RASTA DRAGONS;13.10.2024;2024-2025;NBBL;NBBL A;REGULAR SEASON;Gartenzaun24 Baskets Paderborn;YOUNG RASTA DRAGONS;Paderborn;Vechta;0;83;47
13.10.2024_2024-2025_NBBL_NBBL A_REGULAR SEASON_Eintracht Frankfurt / SKYLINERS_Porsche BBA Ludwigsburg;13.10.2024;2024-2025;NBBL;NBBL A;REGULAR SEASON;Eintracht Frankfurt / SKYLINERS;Porsche BBA Ludwigsburg;Frankfurt;Ludwigsburg;1;84;82
13.10.2024_2024-2025_NBBL_NBBL A_REGULAR SEASON_Berlin Braves Baskets_Sartorius Juniors;13.10.2024;2024-2025;NBBL;NBBL A;REGULAR SEASON;Berlin Braves Baskets;Sartorius Juniors;Berlin Braves;Göttingen;1;92;76
13.10.2024_2024-2025_NBBL_NBBL A_REGULAR SEASON_Bayer Giants Leverkusen_UBC Münster;13.10.2024;2024-2025;NBBL;NBBL A;REGULAR SEASON;Bayer Giants Leverkusen;UBC Münster;Leverkusen;Münster;1;72;75
13.10.2024_2024-2025_NBBL_NBBL A_REGULAR SEASON_Baskets Juniors Oldenburg_ALBA BERLIN;13.10.2024;2024-2025;NBBL;NBBL A;REGULAR SEASON;Baskets Juniors Oldenburg;ALBA BERLIN;Oldenburg;ALBA Berlin;0;67;74
13.10.2024_2024-2025_NBBL_NBBL A_REGULAR SEASON_ALBA BERLIN_Baskets Juniors Oldenburg;13.10.2024;2024-2025;NBBL;NBBL A;REGULAR SEASON;ALBA BERLIN;Baskets Juniors Oldenburg;ALBA Berlin;Oldenburg;1;74;67
13.10.2024_2024-2025_JBBL_JBBL_QUALIFICATION_Young Tigers Tübingen_TEAM URSPRING;13.10.2024;2024-2025;JBBL;JBBL;QUALIFICATION;Young Tigers Tübingen;TEAM URSPRING;Tübingen;Urspring;1;81;89
13.10.2024_2024-2025_JBBL_JBBL_QUALIFICATION_Young Rasta Dragons_RASTA Academy;13.10.2024;2024-2025;JBBL;JBBL;QUALIFICATION;Young Rasta Dragons;RASTA Academy;Vechta;RASTA Academy;1;22;119
13.10.2024_2024-2025_JBBL_JBBL_QUALIFICATION_Young Lions Wuppertal_Team Bonn/Rhöndorf;13.10.2024;2024-2025;JBBL;JBBL;QUALIFICATION;Young Lions Wuppertal;Team Bonn/Rhöndorf;Wuppertal;Bonn-Rhöndorf;1;85;110
13.10.2024_2024-2025_JBBL_JBBL_QUALIFICATION_WITT Oberpfalz Hunters_FC Bayern München Basketball;13.10.2024;2024-2025;JBBL;JBBL;QUALIFICATION;WITT Oberpfalz Hunters;FC Bayern München Basketball;Oberpfalz;Bayern München;1;61;105
13.10.2024_2024-2025_JBBL_JBBL_QUALIFICATION_VR-Bank Würzburg Baskets Akademie_Team Südhessen;13.10.2024;2024-2025;JBBL;JBBL;QUALIFICATION;VR-Bank Würzburg Baskets Akademie;Team Südhessen;Würzburg;Südhessen;1;59;42
13.10.2024_2024-2025_JBBL_JBBL_QUALIFICATION_USC Academics Heidelberg_Rhein-Neckar Metropolitans;13.10.2024;2024-2025;JBBL;JBBL;QUALIFICATION;USC Academics Heidelberg;Rhein-Neckar Metropolitans;Heidelberg;Rhein-Neckar;1;77;57
13.10.2024_2024-2025_JBBL_JBBL_QUALIFICATION_UBC Münster_Sartorius Youngsters;13.10.2024;2024-2025;JBBL;JBBL;QUALIFICATION;UBC Münster;Sartorius Youngsters;Münster;Göttingen;1;67;64
13.10.2024_2024-2025_JBBL_JBBL_QUALIFICATION_TuS Lichterfelde_SG ALBASS Berlin;13.10.2024;2024-2025;JBBL;JBBL;QUALIFICATION;TuS Lichterfelde;SG ALBASS Berlin;Lichterfelde;ALBASS;1;105;73
13.10.2024_2024-2025_JBBL_JBBL_QUALIFICATION_TSV München-Ost_ratiopharm akademie Ulm;13.10.2024;2024-2025;JBBL;JBBL;QUALIFICATION;TSV München-Ost;ratiopharm akademie Ulm;München-Ost;Ulm;1;56;76
13.10.2024_2024-2025_JBBL_JBBL_QUALIFICATION_TS Jahn München_OrangeAcademy;13.10.2024;2024-2025;JBBL;JBBL;QUALIFICATION;TS Jahn München;OrangeAcademy;Jahn München;Orange;1;106;46
13.10.2024_2024-2025_JBBL_JBBL_QUALIFICATION_TEAM URSPRING_Young Tigers Tübingen;13.10.2024;2024-2025;JBBL;JBBL;QUALIFICATION;TEAM URSPRING;Young Tigers Tübingen;Urspring;Tübingen;0;89;81
13.10.2024_2024-2025_JBBL_JBBL_QUALIFICATION_Team Südhessen_VR-Bank Würzburg Baskets Akademie;13.10.2024;2024-2025;JBBL;JBBL;QUALIFICATION;Team Südhessen;VR-Bank Würzburg Baskets Akademie;Südhessen;Würzburg;0;42;59
13.10.2024_2024-2025_JBBL_JBBL_QUALIFICATION_Team Frankfurt_Nürnberg Falcons;13.10.2024;2024-2025;JBBL;JBBL;QUALIFICATION;Team Frankfurt;Nürnberg Falcons;Team Frankfurt;Nürnberg;0;63;85
13.10.2024_2024-2025_JBBL_JBBL_QUALIFICATION_Team Bonn/Rhöndorf_Young Lions Wuppertal;13.10.2024;2024-2025;JBBL;JBBL;QUALIFICATION;Team Bonn/Rhöndorf;Young Lions Wuppertal;Bonn-Rhöndorf;Wuppertal;0;110;85
13.10.2024_2024-2025_JBBL_JBBL_QUALIFICATION_SG Junior Löwen Braunschweig_ROCKETS;13.10.2024;2024-2025;JBBL;JBBL;QUALIFICATION;SG Junior Löwen Braunschweig;ROCKETS;Braunschweig;Rockets;1;84;86
13.10.2024_2024-2025_JBBL_JBBL_QUALIFICATION_SG Bernau-Berlin-Nord_Friedenauer TSC;13.10.2024;2024-2025;JBBL;JBBL;QUALIFICATION;SG Bernau-Berlin-Nord;Friedenauer TSC;Bernau;Friedenau;1;77;56
13.10.2024_2024-2025_JBBL_JBBL_QUALIFICATION_SG ALBASS Berlin_TuS Lichterfelde;13.10.2024;2024-2025;JBBL;JBBL;QUALIFICATION;SG ALBASS Berlin;TuS Lichterfelde;ALBASS;Lichterfelde;0;73;105
13.10.2024_2024-2025_JBBL_JBBL_QUALIFICATION_Sartorius Youngsters_UBC Münster;13.10.2024;2024-2025;JBBL;JBBL;QUALIFICATION;Sartorius Youngsters;UBC Münster;Göttingen;Münster;0;64;67
13.10.2024_2024-2025_JBBL_JBBL_QUALIFICATION_ROCKETS_SG Junior Löwen Braunschweig;13.10.2024;2024-2025;JBBL;JBBL;QUALIFICATION;ROCKETS;SG Junior Löwen Braunschweig;Rockets;Braunschweig;0;86;84
13.10.2024_2024-2025_JBBL_JBBL_QUALIFICATION_Rhein-Neckar Metropolitans_USC Academics Heidelberg;13.10.2024;2024-2025;JBBL;JBBL;QUALIFICATION;Rhein-Neckar Metropolitans;USC Academics Heidelberg;Rhein-Neckar;Heidelberg;0;57;77
13.10.2024_2024-2025_JBBL_JBBL_QUALIFICATION_ratiopharm akademie Ulm_TSV München-Ost;13.10.2024;2024-2025;JBBL;JBBL;QUALIFICATION;ratiopharm akademie Ulm;TSV München-Ost;Ulm;München-Ost;0;76;56
13.10.2024_2024-2025_JBBL_JBBL_QUALIFICATION_RASTA Academy_Young Rasta Dragons;13.10.2024;2024-2025;JBBL;JBBL;QUALIFICATION;RASTA Academy;Young Rasta Dragons;RASTA Academy;Vechta;0;119;22
13.10.2024_2024-2025_JBBL_JBBL_QUALIFICATION_PS Karlsruhe LIONS_MTV Stuttgart 1843;13.10.2024;2024-2025;JBBL;JBBL;QUALIFICATION;PS Karlsruhe LIONS;MTV Stuttgart 1843;Karlsruhe;Stuttgart;1;50;106
13.10.2024_2024-2025_JBBL_JBBL_QUALIFICATION_Phoenix Hagen_charisma young bulls;13.10.2024;2024-2025;JBBL;JBBL;QUALIFICATION;Phoenix Hagen;charisma young bulls;Phoenix Hagen;Young Bulls;0;58;91
13.10.2024_2024-2025_JBBL_JBBL_QUALIFICATION_OrangeAcademy_TS Jahn München;13.10.2024;2024-2025;JBBL;JBBL;QUALIFICATION;OrangeAcademy;TS Jahn München;Orange;Jahn München;0;46;106
13.10.2024_2024-2025_JBBL_JBBL_QUALIFICATION_Nürnberg Falcons_Team Frankfurt;13.10.2024;2024-2025;JBBL;JBBL;QUALIFICATION;Nürnberg Falcons;Team Frankfurt;Nürnberg;Team Frankfurt;1;85;63
13.10.2024_2024-2025_JBBL_JBBL_QUALIFICATION_MTV Wolfenbüttel_Dresden Titans;13.10.2024;2024-2025;JBBL;JBBL;QUALIFICATION;MTV Wolfenbüttel;Dresden Titans;Wolfenbüttel;Dresden;1;70;48
13.10.2024_2024-2025_JBBL_JBBL_QUALIFICATION_MTV Stuttgart 1843_PS Karlsruhe LIONS;13.10.2024;2024-2025;JBBL;JBBL;QUALIFICATION;MTV Stuttgart 1843;PS Karlsruhe LIONS;Stuttgart;Karlsruhe;0;106;50
13.10.2024_2024-2025_JBBL_JBBL_QUALIFICATION_Hamburg Towers_Baskets Juniors Oldenburg;13.10.2024;2024-2025;JBBL;JBBL;QUALIFICATION;Hamburg Towers;Baskets Juniors Oldenburg;Hamburg;Oldenburg;1;79;67
13.10.2024_2024-2025_JBBL_JBBL_QUALIFICATION_Friedenauer TSC_SG Bernau-Berlin-Nord;13.10.2024;2024-2025;JBBL;JBBL;QUALIFICATION;Friedenauer TSC;SG Bernau-Berlin-Nord;Friedenau;Bernau;0;56;77
13.10.2024_2024-2025_JBBL_JBBL_QUALIFICATION_Freak City Bamberg_CYBEX Talents BBC Bayreuth;13.10.2024;2024-2025;JBBL;JBBL;QUALIFICATION;Freak City Bamberg;CYBEX Talents BBC Bayreuth;Bamberg;Bayreuth;1;98;64
13.10.2024_2024-2025_JBBL_JBBL_QUALIFICATION_FC Bayern München Basketball_WITT Oberpfalz Hunters;13.10.2024;2024-2025;JBBL;JBBL;QUALIFICATION;FC Bayern München Basketball;WITT Oberpfalz Hunters;Bayern München;Oberpfalz;0;105;61
13.10.2024_2024-2025_JBBL_JBBL_QUALIFICATION_Dresden Titans_MTV Wolfenbüttel;13.10.2024;2024-2025;JBBL;JBBL;QUALIFICATION;Dresden Titans;MTV Wolfenbüttel;Dresden;Wolfenbüttel;0;48;70
13.10.2024_2024-2025_JBBL_JBBL_QUALIFICATION_CYBEX Talents BBC Bayreuth_Freak City Bamberg;13.10.2024;2024-2025;JBBL;JBBL;QUALIFICATION;CYBEX Talents BBC Bayreuth;Freak City Bamberg;Bayreuth;Bamberg;0;64;98
13.10.2024_2024-2025_JBBL_JBBL_QUALIFICATION_charisma young bulls_Phoenix Hagen;13.10.2024;2024-2025;JBBL;JBBL;QUALIFICATION;charisma young bulls;Phoenix Hagen;Young Bulls;Phoenix Hagen;1;91;58
13.10.2024_2024-2025_JBBL_JBBL_QUALIFICATION_BG Zehlendorf_ALBA BERLIN;13.10.2024;2024-2025;JBBL;JBBL;QUALIFICATION;BG Zehlendorf;ALBA BERLIN;Zehlendorf;ALBA Berlin;1;60;130
13.10.2024_2024-2025_JBBL_JBBL_QUALIFICATION_BBV RheinStars_ART Giants Düsseldorf;13.10.2024;2024-2025;JBBL;JBBL;QUALIFICATION;BBV RheinStars;ART Giants Düsseldorf;Köln;Düsseldorf;1;111;84
13.10.2024_2024-2025_JBBL_JBBL_QUALIFICATION_Baskets Juniors Oldenburg_Hamburg Towers;13.10.2024;2024-2025;JBBL;JBBL;QUALIFICATION;Baskets Juniors Oldenburg;Hamburg Towers;Oldenburg;Hamburg;0;67;79
13.10.2024_2024-2025_JBBL_JBBL_QUALIFICATION_ART Giants Düsseldorf_BBV RheinStars;13.10.2024;2024-2025;JBBL;JBBL;QUALIFICATION;ART Giants Düsseldorf;BBV RheinStars;Düsseldorf;Köln;0;84;111
13.10.2024_2024-2025_JBBL_JBBL_QUALIFICATION_ALBA BERLIN_BG Zehlendorf;13.10.2024;2024-2025;JBBL;JBBL;QUALIFICATION;ALBA BERLIN;BG Zehlendorf;ALBA Berlin;Zehlendorf;0;130;60
17.10.2024_2024-2025_JBBL_JBBL_QUALIFICATION_Science City Jena_NINERS Chemnitz Academy;17.10.2024;2024-2025;JBBL;JBBL;QUALIFICATION;Science City Jena;NINERS Chemnitz Academy;Jena;Chemnitz;1;61;88
17.10.2024_2024-2025_JBBL_JBBL_QUALIFICATION_NINERS Chemnitz Academy_Science City Jena;17.10.2024;2024-2025;JBBL;JBBL;QUALIFICATION;NINERS Chemnitz Academy;Science City Jena;Chemnitz;Jena;0;88;61
19.10.2024_2024-2025_NBBL_NBBL B_REGULAR SEASON_USC Academics Heidelberg_ratiopharm Ulm;19.10.2024;2024-2025;NBBL;NBBL B;REGULAR SEASON;USC Academics Heidelberg;ratiopharm Ulm;Heidelberg;Ulm;1;62;82
19.10.2024_2024-2025_NBBL_NBBL B_REGULAR SEASON_ratiopharm Ulm_USC Academics Heidelberg;19.10.2024;2024-2025;NBBL;NBBL B;REGULAR SEASON;ratiopharm Ulm;USC Academics Heidelberg;Ulm;Heidelberg;0;82;62
19.10.2024_2024-2025_NBBL_NBBL A_REGULAR SEASON_TEAM URSPRING_Niners Chemnitz Academy;19.10.2024;2024-2025;NBBL;NBBL A;REGULAR SEASON;TEAM URSPRING;Niners Chemnitz Academy;Urspring;Chemnitz;1;100;74
19.10.2024_2024-2025_NBBL_NBBL A_REGULAR SEASON_Niners Chemnitz Academy_TEAM URSPRING;19.10.2024;2024-2025;NBBL;NBBL A;REGULAR SEASON;Niners Chemnitz Academy;TEAM URSPRING;Chemnitz;Urspring;0;74;100
20.10.2024_2024-2025_NBBL_NBBL B_REGULAR SEASON_VR-Bank Würzburg Baskets Akademie_Dresden Titans;20.10.2024;2024-2025;NBBL;NBBL B;REGULAR SEASON;VR-Bank Würzburg Baskets Akademie;Dresden Titans;Würzburg;Dresden;0;61;62
20.10.2024_2024-2025_NBBL_NBBL B_REGULAR SEASON_VfL Kirchheim Knights_Rhein-Neckar Metropolitans;20.10.2024;2024-2025;NBBL;NBBL B;REGULAR SEASON;VfL Kirchheim Knights;Rhein-Neckar Metropolitans;Kirchheim;Rhein-Neckar;0;73;82
20.10.2024_2024-2025_NBBL_NBBL B_REGULAR SEASON_TS Jahn München_Orange Academy;20.10.2024;2024-2025;NBBL;NBBL B;REGULAR SEASON;TS Jahn München;Orange Academy;Jahn München;Orange;0;71;72
20.10.2024_2024-2025_NBBL_NBBL B_REGULAR SEASON_TG 1837 Hanau a.V._CYBEX Talents BBC Bayreuth;20.10.2024;2024-2025;NBBL;NBBL B;REGULAR SEASON;TG 1837 Hanau a.V.;CYBEX Talents BBC Bayreuth;Hanau;Bayreuth;0;86;97
20.10.2024_2024-2025_NBBL_NBBL B_REGULAR SEASON_Team Bonn/Rhöndorf_RheinStars Köln;20.10.2024;2024-2025;NBBL;NBBL B;REGULAR SEASON;Team Bonn/Rhöndorf;RheinStars Köln;Bonn-Rhöndorf;Köln;0;98;85
20.10.2024_2024-2025_NBBL_NBBL B_REGULAR SEASON_SG Junior Löwen Braunschweig_Metropol Baskets Ruhr;20.10.2024;2024-2025;NBBL;NBBL B;REGULAR SEASON;SG Junior Löwen Braunschweig;Metropol Baskets Ruhr;Braunschweig;Metropol;1;94;70
20.10.2024_2024-2025_NBBL_NBBL B_REGULAR SEASON_ROTH Energie BBA GIESSEN 46ers_ART Giants Düsseldorf;20.10.2024;2024-2025;NBBL;NBBL B;REGULAR SEASON;ROTH Energie BBA GIESSEN 46ers;ART Giants Düsseldorf;Giessen;Düsseldorf;0;73;68
20.10.2024_2024-2025_NBBL_NBBL B_REGULAR SEASON_ROSTOCK SEAWOLVES_Hamburg Towers;20.10.2024;2024-2025;NBBL;NBBL B;REGULAR SEASON;ROSTOCK SEAWOLVES;Hamburg Towers;Rostock;Hamburg;0;83;87
20.10.2024_2024-2025_NBBL_NBBL B_REGULAR SEASON_RheinStars Köln_Team Bonn/Rhöndorf;20.10.2024;2024-2025;NBBL;NBBL B;REGULAR SEASON;RheinStars Köln;Team Bonn/Rhöndorf;Köln;Bonn-Rhöndorf;1;85;98
20.10.2024_2024-2025_NBBL_NBBL B_REGULAR SEASON_Rhein-Neckar Metropolitans_VfL Kirchheim Knights;20.10.2024;2024-2025;NBBL;NBBL B;REGULAR SEASON;Rhein-Neckar Metropolitans;VfL Kirchheim Knights;Rhein-Neckar;Kirchheim;1;82;73
20.10.2024_2024-2025_NBBL_NBBL B_REGULAR SEASON_Orange Academy_TS Jahn München;20.10.2024;2024-2025;NBBL;NBBL B;REGULAR SEASON;Orange Academy;TS Jahn München;Orange;Jahn München;1;72;71
20.10.2024_2024-2025_NBBL_NBBL B_REGULAR SEASON_Metropol Baskets Ruhr_SG Junior Löwen Braunschweig;20.10.2024;2024-2025;NBBL;NBBL B;REGULAR SEASON;Metropol Baskets Ruhr;SG Junior Löwen Braunschweig;Metropol;Braunschweig;0;70;94
20.10.2024_2024-2025_NBBL_NBBL B_REGULAR SEASON_Hamburg Towers_ROSTOCK SEAWOLVES;20.10.2024;2024-2025;NBBL;NBBL B;REGULAR SEASON;Hamburg Towers;ROSTOCK SEAWOLVES;Hamburg;Rostock;1;87;83
20.10.2024_2024-2025_NBBL_NBBL B_REGULAR SEASON_Dresden Titans_VR-Bank Würzburg Baskets Akademie;20.10.2024;2024-2025;NBBL;NBBL B;REGULAR SEASON;Dresden Titans;VR-Bank Würzburg Baskets Akademie;Dresden;Würzburg;1;62;61
20.10.2024_2024-2025_NBBL_NBBL B_REGULAR SEASON_CYBEX Talents BBC Bayreuth_TG 1837 Hanau a.V.;20.10.2024;2024-2025;NBBL;NBBL B;REGULAR SEASON;CYBEX Talents BBC Bayreuth;TG 1837 Hanau a.V.;Bayreuth;Hanau;1;97;86
20.10.2024_2024-2025_NBBL_NBBL B_REGULAR SEASON_ART Giants Düsseldorf_ROTH Energie BBA GIESSEN 46ers;20.10.2024;2024-2025;NBBL;NBBL B;REGULAR SEASON;ART Giants Düsseldorf;ROTH Energie BBA GIESSEN 46ers;Düsseldorf;Giessen;1;68;73
20.10.2024_2024-2025_NBBL_NBBL A_REGULAR SEASON_YOUNG RASTA DRAGONS_Sartorius Juniors;20.10.2024;2024-2025;NBBL;NBBL A;REGULAR SEASON;YOUNG RASTA DRAGONS;Sartorius Juniors;Vechta;Göttingen;0;68;97
20.10.2024_2024-2025_NBBL_NBBL A_REGULAR SEASON_UBC Münster_Berlin Braves Baskets;20.10.2024;2024-2025;NBBL;NBBL A;REGULAR SEASON;UBC Münster;Berlin Braves Baskets;Münster;Berlin Braves;1;78;87
20.10.2024_2024-2025_NBBL_NBBL A_REGULAR SEASON_SCIENCE CITY JENA_KICKZ IBAM;20.10.2024;2024-2025;NBBL;NBBL A;REGULAR SEASON;SCIENCE CITY JENA;KICKZ IBAM;Jena;IBAM;0;74;79
20.10.2024_2024-2025_NBBL_NBBL A_REGULAR SEASON_Sartorius Juniors_YOUNG RASTA DRAGONS;20.10.2024;2024-2025;NBBL;NBBL A;REGULAR SEASON;Sartorius Juniors;YOUNG RASTA DRAGONS;Göttingen;Vechta;1;97;68
20.10.2024_2024-2025_NBBL_NBBL A_REGULAR SEASON_Porsche BBA Ludwigsburg_FC Bayern München Basketball;20.10.2024;2024-2025;NBBL;NBBL A;REGULAR SEASON;Porsche BBA Ludwigsburg;FC Bayern München Basketball;Ludwigsburg;Bayern München;0;70;93
20.10.2024_2024-2025_NBBL_NBBL A_REGULAR SEASON_KICKZ IBAM_SCIENCE CITY JENA;20.10.2024;2024-2025;NBBL;NBBL A;REGULAR SEASON;KICKZ IBAM;SCIENCE CITY JENA;IBAM;Jena;1;79;74
20.10.2024_2024-2025_NBBL_NBBL A_REGULAR SEASON_Gartenzaun24 Baskets Paderborn_ALBA BERLIN;20.10.2024;2024-2025;NBBL;NBBL A;REGULAR SEASON;Gartenzaun24 Baskets Paderborn;ALBA BERLIN;Paderborn;ALBA Berlin;1;54;71
20.10.2024_2024-2025_NBBL_NBBL A_REGULAR SEASON_FC Bayern München Basketball_Porsche BBA Ludwigsburg;20.10.2024;2024-2025;NBBL;NBBL A;REGULAR SEASON;FC Bayern München Basketball;Porsche BBA Ludwigsburg;Bayern München;Ludwigsburg;1;93;70
20.10.2024_2024-2025_NBBL_NBBL A_REGULAR SEASON_Berlin Braves Baskets_UBC Münster;20.10.2024;2024-2025;NBBL;NBBL A;REGULAR SEASON;Berlin Braves Baskets;UBC Münster;Berlin Braves;Münster;0;87;78
20.10.2024_2024-2025_NBBL_NBBL A_REGULAR SEASON_Bayer Giants Leverkusen_Baskets Juniors Oldenburg;20.10.2024;2024-2025;NBBL;NBBL A;REGULAR SEASON;Bayer Giants Leverkusen;Baskets Juniors Oldenburg;Leverkusen;Oldenburg;1;70;79
20.10.2024_2024-2025_NBBL_NBBL A_REGULAR SEASON_Baskets Juniors Oldenburg_Bayer Giants Leverkusen;20.10.2024;2024-2025;NBBL;NBBL A;REGULAR SEASON;Baskets Juniors Oldenburg;Bayer Giants Leverkusen;Oldenburg;Leverkusen;0;79;70
20.10.2024_2024-2025_NBBL_NBBL A_REGULAR SEASON_ALBA BERLIN_Gartenzaun24 Baskets Paderborn;20.10.2024;2024-2025;NBBL;NBBL A;REGULAR SEASON;ALBA BERLIN;Gartenzaun24 Baskets Paderborn;ALBA Berlin;Paderborn;0;71;54
20.10.2024_2024-2025_JBBL_JBBL_QUALIFICATION_Young Tigers Tübingen_MTV Stuttgart 1843;20.10.2024;2024-2025;JBBL;JBBL;QUALIFICATION;Young Tigers Tübingen;MTV Stuttgart 1843;Tübingen;Stuttgart;0;90;111
20.10.2024_2024-2025_JBBL_JBBL_QUALIFICATION_Young Rasta Dragons_Baskets Juniors Oldenburg;20.10.2024;2024-2025;JBBL;JBBL;QUALIFICATION;Young Rasta Dragons;Baskets Juniors Oldenburg;Vechta;Oldenburg;0;34;99
20.10.2024_2024-2025_JBBL_JBBL_QUALIFICATION_Young Lions Wuppertal_ART Giants Düsseldorf;20.10.2024;2024-2025;JBBL;JBBL;QUALIFICATION;Young Lions Wuppertal;ART Giants Düsseldorf;Wuppertal;Düsseldorf;0;72;63
20.10.2024_2024-2025_JBBL_JBBL_QUALIFICATION_Young Gladiators Trier_Team Bonn/Rhöndorf;20.10.2024;2024-2025;JBBL;JBBL;QUALIFICATION;Young Gladiators Trier;Team Bonn/Rhöndorf;Trier;Bonn-Rhöndorf;0;86;148
20.10.2024_2024-2025_JBBL_JBBL_QUALIFICATION_VR-Bank Würzburg Baskets Akademie_CYBEX Talents BBC Bayreuth;20.10.2024;2024-2025;JBBL;JBBL;QUALIFICATION;VR-Bank Würzburg Baskets Akademie;CYBEX Talents BBC Bayreuth;Würzburg;Bayreuth;0;69;57
20.10.2024_2024-2025_JBBL_JBBL_QUALIFICATION_USC Academics Heidelberg_TEAM URSPRING;20.10.2024;2024-2025;JBBL;JBBL;QUALIFICATION;USC Academics Heidelberg;TEAM URSPRING;Heidelberg;Urspring;0;64;85
20.10.2024_2024-2025_JBBL_JBBL_QUALIFICATION_UBC Münster_BBA Hagen;20.10.2024;2024-2025;JBBL;JBBL;QUALIFICATION;UBC Münster;BBA Hagen;Münster;BBA Hagen;0;90;78
20.10.2024_2024-2025_JBBL_JBBL_QUALIFICATION_TuS Lichterfelde_ALBA BERLIN;20.10.2024;2024-2025;JBBL;JBBL;QUALIFICATION;TuS Lichterfelde;ALBA BERLIN;Lichterfelde;ALBA Berlin;0;62;95
20.10.2024_2024-2025_JBBL_JBBL_QUALIFICATION_TSV München-Ost_FC Bayern München Basketball;20.10.2024;2024-2025;JBBL;JBBL;QUALIFICATION;TSV München-Ost;FC Bayern München Basketball;München-Ost;Bayern München;0;69;71
20.10.2024_2024-2025_JBBL_JBBL_QUALIFICATION_TS Jahn München_ratiopharm akademie Ulm;20.10.2024;2024-2025;JBBL;JBBL;QUALIFICATION;TS Jahn München;ratiopharm akademie Ulm;Jahn München;Ulm;0;95;92
20.10.2024_2024-2025_JBBL_JBBL_QUALIFICATION_TEAM URSPRING_USC Academics Heidelberg;20.10.2024;2024-2025;JBBL;JBBL;QUALIFICATION;TEAM URSPRING;USC Academics Heidelberg;Urspring;Heidelberg;1;85;64
20.10.2024_2024-2025_JBBL_JBBL_QUALIFICATION_Team Südhessen_Nürnberg Falcons;20.10.2024;2024-2025;JBBL;JBBL;QUALIFICATION;Team Südhessen;Nürnberg Falcons;Südhessen;Nürnberg;1;71;76
20.10.2024_2024-2025_JBBL_JBBL_QUALIFICATION_Team Frankfurt_Eintracht Frankfurt / SKYLINERS;20.10.2024;2024-2025;JBBL;JBBL;QUALIFICATION;Team Frankfurt;Eintracht Frankfurt / SKYLINERS;Team Frankfurt;Frankfurt;1;50;108
20.10.2024_2024-2025_JBBL_JBBL_QUALIFICATION_Team Bonn/Rhöndorf_Young Gladiators Trier;20.10.2024;2024-2025;JBBL;JBBL;QUALIFICATION;Team Bonn/Rhöndorf;Young Gladiators Trier;Bonn-Rhöndorf;Trier;1;148;86
20.10.2024_2024-2025_JBBL_JBBL_QUALIFICATION_SG Junior Löwen Braunschweig_Dresden Titans;20.10.2024;2024-2025;JBBL;JBBL;QUALIFICATION;SG Junior Löwen Braunschweig;Dresden Titans;Braunschweig;Dresden;0;65;95
20.10.2024_2024-2025_JBBL_JBBL_QUALIFICATION_SG Bernau-Berlin-Nord_SG ALBASS Berlin;20.10.2024;2024-2025;JBBL;JBBL;QUALIFICATION;SG Bernau-Berlin-Nord;SG ALBASS Berlin;Bernau;ALBASS;0;79;91
20.10.2024_2024-2025_JBBL_JBBL_QUALIFICATION_SG ALBASS Berlin_SG Bernau-Berlin-Nord;20.10.2024;2024-2025;JBBL;JBBL;QUALIFICATION;SG ALBASS Berlin;SG Bernau-Berlin-Nord;ALBASS;Bernau;1;91;79
20.10.2024_2024-2025_JBBL_JBBL_QUALIFICATION_Science City Jena_ROCKETS;20.10.2024;2024-2025;JBBL;JBBL;QUALIFICATION;Science City Jena;ROCKETS;Jena;Rockets;0;53;88
20.10.2024_2024-2025_JBBL_JBBL_QUALIFICATION_Sartorius Youngsters_charisma young bulls;20.10.2024;2024-2025;JBBL;JBBL;QUALIFICATION;Sartorius Youngsters;charisma young bulls;Göttingen;Young Bulls;1;83;59
20.10.2024_2024-2025_JBBL_JBBL_QUALIFICATION_ROTH Energie BBA GIESSEN 46ers_Bayer Giants Leverkusen;20.10.2024;2024-2025;JBBL;JBBL;QUALIFICATION;ROTH Energie BBA GIESSEN 46ers;Bayer Giants Leverkusen;Giessen;Leverkusen;1;97;92
20.10.2024_2024-2025_JBBL_JBBL_QUALIFICATION_ROSTOCK SEAWOLVES_RASTA Academy;20.10.2024;2024-2025;JBBL;JBBL;QUALIFICATION;ROSTOCK SEAWOLVES;RASTA Academy;Rostock;RASTA Academy;0;76;87
20.10.2024_2024-2025_JBBL_JBBL_QUALIFICATION_ROCKETS_Science City Jena;20.10.2024;2024-2025;JBBL;JBBL;QUALIFICATION;ROCKETS;Science City Jena;Rockets;Jena;1;88;53
20.10.2024_2024-2025_JBBL_JBBL_QUALIFICATION_Rhein-Neckar Metropolitans_Porsche BBA Ludwigsburg;20.10.2024;2024-2025;JBBL;JBBL;QUALIFICATION;Rhein-Neckar Metropolitans;Porsche BBA Ludwigsburg;Rhein-Neckar;Ludwigsburg;1;45;108
20.10.2024_2024-2025_JBBL_JBBL_QUALIFICATION_ratiopharm akademie Ulm_TS Jahn München;20.10.2024;2024-2025;JBBL;JBBL;QUALIFICATION;ratiopharm akademie Ulm;TS Jahn München;Ulm;Jahn München;1;92;95
20.10.2024_2024-2025_JBBL_JBBL_QUALIFICATION_RASTA Academy_ROSTOCK SEAWOLVES;20.10.2024;2024-2025;JBBL;JBBL;QUALIFICATION;RASTA Academy;ROSTOCK SEAWOLVES;RASTA Academy;Rostock;1;87;76
20.10.2024_2024-2025_JBBL_JBBL_QUALIFICATION_Porsche BBA Ludwigsburg_Rhein-Neckar Metropolitans;20.10.2024;2024-2025;JBBL;JBBL;QUALIFICATION;Porsche BBA Ludwigsburg;Rhein-Neckar Metropolitans;Ludwigsburg;Rhein-Neckar;0;108;45
20.10.2024_2024-2025_JBBL_JBBL_QUALIFICATION_Phoenix Hagen_Gartenzaun24 Baskets Paderborn;20.10.2024;2024-2025;JBBL;JBBL;QUALIFICATION;Phoenix Hagen;Gartenzaun24 Baskets Paderborn;Phoenix Hagen;Paderborn;1;95;77
20.10.2024_2024-2025_JBBL_JBBL_QUALIFICATION_OrangeAcademy_KICKZ IBAM;20.10.2024;2024-2025;JBBL;JBBL;QUALIFICATION;OrangeAcademy;KICKZ IBAM;Orange;IBAM;1;33;97
20.10.2024_2024-2025_JBBL_JBBL_QUALIFICATION_Nürnberg Falcons_Team Südhessen;20.10.2024;2024-2025;JBBL;JBBL;QUALIFICATION;Nürnberg Falcons;Team Südhessen;Nürnberg;Südhessen;0;76;71
20.10.2024_2024-2025_JBBL_JBBL_QUALIFICATION_Northwestern Basketball Academy_Bramfelder SV;20.10.2024;2024-2025;JBBL;JBBL;QUALIFICATION;Northwestern Basketball Academy;Bramfelder SV;Northwestern;Bramfeld;1;74;70
20.10.2024_2024-2025_JBBL_JBBL_QUALIFICATION_NINERS Chemnitz Academy_Mitteldeutsche Basketball Academy;20.10.2024;2024-2025;JBBL;JBBL;QUALIFICATION;NINERS Chemnitz Academy;Mitteldeutsche Basketball Academy;Chemnitz;MBA;1;79;71
20.10.2024_2024-2025_JBBL_JBBL_QUALIFICATION_MTV Stuttgart 1843_Young Tigers Tübingen;20.10.2024;2024-2025;JBBL;JBBL;QUALIFICATION;MTV Stuttgart 1843;Young Tigers Tübingen;Stuttgart;Tübingen;1;111;90
20.10.2024_2024-2025_JBBL_JBBL_QUALIFICATION_Mitteldeutsche Basketball Academy_NINERS Chemnitz Academy;20.10.2024;2024-2025;JBBL;JBBL;QUALIFICATION;Mitteldeutsche Basketball Academy;NINERS Chemnitz Academy;MBA;Chemnitz;0;71;79
20.10.2024_2024-2025_JBBL_JBBL_QUALIFICATION_KICKZ IBAM_OrangeAcademy;20.10.2024;2024-2025;JBBL;JBBL;QUALIFICATION;KICKZ IBAM;OrangeAcademy;IBAM;Orange;0;97;33
20.10.2024_2024-2025_JBBL_JBBL_QUALIFICATION_Gartenzaun24 Baskets Paderborn_Phoenix Hagen;20.10.2024;2024-2025;JBBL;JBBL;QUALIFICATION;Gartenzaun24 Baskets Paderborn;Phoenix Hagen;Paderborn;Phoenix Hagen;0;77;95
20.10.2024_2024-2025_JBBL_JBBL_QUALIFICATION_Friedenauer TSC_Basketball Talents Potsdam;20.10.2024;2024-2025;JBBL;JBBL;QUALIFICATION;Friedenauer TSC;Basketball Talents Potsdam;Friedenau;Potsdam;1;56;75
20.10.2024_2024-2025_JBBL_JBBL_QUALIFICATION_FC Bayern München Basketball_TSV München-Ost;20.10.2024;2024-2025;JBBL;JBBL;QUALIFICATION;FC Bayern München Basketball;TSV München-Ost;Bayern München;München-Ost;1;71;69
20.10.2024_2024-2025_JBBL_JBBL_QUALIFICATION_Eintracht Frankfurt / SKYLINERS_Team Frankfurt;20.10.2024;2024-2025;JBBL;JBBL;QUALIFICATION;Eintracht Frankfurt / SKYLINERS;Team Frankfurt;Frankfurt;Team Frankfurt;0;108;50
20.10.2024_2024-2025_JBBL_JBBL_QUALIFICATION_Dresden Titans_SG Junior Löwen Braunschweig;20.10.2024;2024-2025;JBBL;JBBL;QUALIFICATION;Dresden Titans;SG Junior Löwen Braunschweig;Dresden;Braunschweig;1;95;65
20.10.2024_2024-2025_JBBL_JBBL_QUALIFICATION_CYBEX Talents BBC Bayreuth_VR-Bank Würzburg Baskets Akademie;20.10.2024;2024-2025;JBBL;JBBL;QUALIFICATION;CYBEX Talents BBC Bayreuth;VR-Bank Würzburg Baskets Akademie;Bayreuth;Würzburg;1;57;69
20.10.2024_2024-2025_JBBL_JBBL_QUALIFICATION_charisma young bulls_Sartorius Youngsters;20.10.2024;2024-2025;JBBL;JBBL;QUALIFICATION;charisma young bulls;Sartorius Youngsters;Young Bulls;Göttingen;0;59;83
20.10.2024_2024-2025_JBBL_JBBL_QUALIFICATION_Bramfelder SV_Northwestern Basketball Academy;20.10.2024;2024-2025;JBBL;JBBL;QUALIFICATION;Bramfelder SV;Northwestern Basketball Academy;Bramfeld;Northwestern;0;70;74
20.10.2024_2024-2025_JBBL_JBBL_QUALIFICATION_BBA Hagen_UBC Münster;20.10.2024;2024-2025;JBBL;JBBL;QUALIFICATION;BBA Hagen;UBC Münster;BBA Hagen;Münster;1;78;90
20.10.2024_2024-2025_JBBL_JBBL_QUALIFICATION_Bayer Giants Leverkusen_ROTH Energie BBA GIESSEN 46ers;20.10.2024;2024-2025;JBBL;JBBL;QUALIFICATION;Bayer Giants Leverkusen;ROTH Energie BBA GIESSEN 46ers;Leverkusen;Giessen;0;92;97
20.10.2024_2024-2025_JBBL_JBBL_QUALIFICATION_Baskets Juniors Oldenburg_Young Rasta Dragons;20.10.2024;2024-2025;JBBL;JBBL;QUALIFICATION;Baskets Juniors Oldenburg;Young Rasta Dragons;Oldenburg;Vechta;1;99;34
20.10.2024_2024-2025_JBBL_JBBL_QUALIFICATION_Basketball Talents Potsdam_Friedenauer TSC;20.10.2024;2024-2025;JBBL;JBBL;QUALIFICATION;Basketball Talents Potsdam;Friedenauer TSC;Potsdam;Friedenau;0;75;56
20.10.2024_2024-2025_JBBL_JBBL_QUALIFICATION_ART Giants Düsseldorf_Young Lions Wuppertal;20.10.2024;2024-2025;JBBL;JBBL;QUALIFICATION;ART Giants Düsseldorf;Young Lions Wuppertal;Düsseldorf;Wuppertal;1;63;72
20.10.2024_2024-2025_JBBL_JBBL_QUALIFICATION_ALBA BERLIN_TuS Lichterfelde;20.10.2024;2024-2025;JBBL;JBBL;QUALIFICATION;ALBA BERLIN;TuS Lichterfelde;ALBA Berlin;Lichterfelde;1;95;62
23.10.2024_2024-2025_NBBL_NBBL B_REGULAR SEASON_Tröster Breitengüßbach/Freak City Bamberg_Basketball Löwen Erfurt;23.10.2024;2024-2025;NBBL;NBBL B;REGULAR SEASON;Tröster Breitengüßbach/Freak City Bamberg;Basketball Löwen Erfurt;Bamberg;Erfurt;1;87;78
23.10.2024_2024-2025_NBBL_NBBL B_REGULAR SEASON_Basketball Löwen Erfurt_Tröster Breitengüßbach/Freak City Bamberg;23.10.2024;2024-2025;NBBL;NBBL B;REGULAR SEASON;Basketball Löwen Erfurt;Tröster Breitengüßbach/Freak City Bamberg;Erfurt;Bamberg;0;78;87
26.10.2024_2024-2025_NBBL_NBBL B_REGULAR SEASON_VR-Bank Würzburg Baskets Akademie_CYBEX Talents BBC Bayreuth;26.10.2024;2024-2025;NBBL;NBBL B;REGULAR SEASON;VR-Bank Würzburg Baskets Akademie;CYBEX Talents BBC Bayreuth;Würzburg;Bayreuth;1;90;72
26.10.2024_2024-2025_NBBL_NBBL B_REGULAR SEASON_USC Academics Heidelberg_TS Jahn München;26.10.2024;2024-2025;NBBL;NBBL B;REGULAR SEASON;USC Academics Heidelberg;TS Jahn München;Heidelberg;Jahn München;1;71;84
26.10.2024_2024-2025_NBBL_NBBL B_REGULAR SEASON_TS Jahn München_USC Academics Heidelberg;26.10.2024;2024-2025;NBBL;NBBL B;REGULAR SEASON;TS Jahn München;USC Academics Heidelberg;Jahn München;Heidelberg;0;84;71
26.10.2024_2024-2025_NBBL_NBBL B_REGULAR SEASON_Rhein-Neckar Metropolitans_Orange Academy;26.10.2024;2024-2025;NBBL;NBBL B;REGULAR SEASON;Rhein-Neckar Metropolitans;Orange Academy;Rhein-Neckar;Orange;1;69;87
26.10.2024_2024-2025_NBBL_NBBL B_REGULAR SEASON_Orange Academy_Rhein-Neckar Metropolitans;26.10.2024;2024-2025;NBBL;NBBL B;REGULAR SEASON;Orange Academy;Rhein-Neckar Metropolitans;Orange;Rhein-Neckar;0;87;69
26.10.2024_2024-2025_NBBL_NBBL B_REGULAR SEASON_CYBEX Talents BBC Bayreuth_VR-Bank Würzburg Baskets Akademie;26.10.2024;2024-2025;NBBL;NBBL B;REGULAR SEASON;CYBEX Talents BBC Bayreuth;VR-Bank Würzburg Baskets Akademie;Bayreuth;Würzburg;0;72;90
27.10.2024_2024-2025_NBBL_NBBL B_REGULAR SEASON_Tröster Breitengüßbach/Freak City Bamberg_TG 1837 Hanau a.V.;27.10.2024;2024-2025;NBBL;NBBL B;REGULAR SEASON;Tröster Breitengüßbach/Freak City Bamberg;TG 1837 Hanau a.V.;Bamberg;Hanau;0;80;70
27.10.2024_2024-2025_NBBL_NBBL B_REGULAR SEASON_TG 1837 Hanau a.V._Tröster Breitengüßbach/Freak City Bamberg;27.10.2024;2024-2025;NBBL;NBBL B;REGULAR SEASON;TG 1837 Hanau a.V.;Tröster Breitengüßbach/Freak City Bamberg;Hanau;Bamberg;1;70;80
27.10.2024_2024-2025_NBBL_NBBL B_REGULAR SEASON_Team Bonn/Rhöndorf_BBA Hagen;27.10.2024;2024-2025;NBBL;NBBL B;REGULAR SEASON;Team Bonn/Rhöndorf;BBA Hagen;Bonn-Rhöndorf;BBA Hagen;1;72;77
27.10.2024_2024-2025_NBBL_NBBL B_REGULAR SEASON_ROTH Energie BBA GIESSEN 46ers_Phoenix Hagen;27.10.2024;2024-2025;NBBL;NBBL B;REGULAR SEASON;ROTH Energie BBA GIESSEN 46ers;Phoenix Hagen;Giessen;Phoenix Hagen;0;99;66
27.10.2024_2024-2025_NBBL_NBBL B_REGULAR SEASON_RheinStars Köln_ART Giants Düsseldorf;27.10.2024;2024-2025;NBBL;NBBL B;REGULAR SEASON;RheinStars Köln;ART Giants Düsseldorf;Köln;Düsseldorf;0;79;68
27.10.2024_2024-2025_NBBL_NBBL B_REGULAR SEASON_Phoenix Hagen_ROTH Energie BBA GIESSEN 46ers;27.10.2024;2024-2025;NBBL;NBBL B;REGULAR SEASON;Phoenix Hagen;ROTH Energie BBA GIESSEN 46ers;Phoenix Hagen;Giessen;1;66;99
27.10.2024_2024-2025_NBBL_NBBL B_REGULAR SEASON_Metropol Baskets Ruhr_Eisbären Bremerhaven;27.10.2024;2024-2025;NBBL;NBBL B;REGULAR SEASON;Metropol Baskets Ruhr;Eisbären Bremerhaven;Metropol;Bremerhaven;1;74;72
27.10.2024_2024-2025_NBBL_NBBL B_REGULAR SEASON_Eisbären Bremerhaven_Metropol Baskets Ruhr;27.10.2024;2024-2025;NBBL;NBBL B;REGULAR SEASON;Eisbären Bremerhaven;Metropol Baskets Ruhr;Bremerhaven;Metropol;0;72;74
27.10.2024_2024-2025_NBBL_NBBL B_REGULAR SEASON_BBA Hagen_Team Bonn/Rhöndorf;27.10.2024;2024-2025;NBBL;NBBL B;REGULAR SEASON;BBA Hagen;Team Bonn/Rhöndorf;BBA Hagen;Bonn-Rhöndorf;0;77;72
27.10.2024_2024-2025_NBBL_NBBL B_REGULAR SEASON_ART Giants Düsseldorf_RheinStars Köln;27.10.2024;2024-2025;NBBL;NBBL B;REGULAR SEASON;ART Giants Düsseldorf;RheinStars Köln;Düsseldorf;Köln;1;68;79
27.10.2024_2024-2025_NBBL_NBBL A_REGULAR SEASON_YOUNG RASTA DRAGONS_Baskets Juniors Oldenburg;27.10.2024;2024-2025;NBBL;NBBL A;REGULAR SEASON;YOUNG RASTA DRAGONS;Baskets Juniors Oldenburg;Vechta;Oldenburg;1;25;126
27.10.2024_2024-2025_NBBL_NBBL A_REGULAR SEASON_UBC Münster_Sartorius Juniors;27.10.2024;2024-2025;NBBL;NBBL A;REGULAR SEASON;UBC Münster;Sartorius Juniors;Münster;Göttingen;1;83;67
27.10.2024_2024-2025_NBBL_NBBL A_REGULAR SEASON_SCIENCE CITY JENA_FC Bayern München Basketball;27.10.2024;2024-2025;NBBL;NBBL A;REGULAR SEASON;SCIENCE CITY JENA;FC Bayern München Basketball;Jena;Bayern München;0;69;73
27.10.2024_2024-2025_NBBL_NBBL A_REGULAR SEASON_Sartorius Juniors_UBC Münster;27.10.2024;2024-2025;NBBL;NBBL A;REGULAR SEASON;Sartorius Juniors;UBC Münster;Göttingen;Münster;0;67;83
27.10.2024_2024-2025_NBBL_NBBL A_REGULAR SEASON_Gartenzaun24 Baskets Paderborn_Berlin Braves Baskets;27.10.2024;2024-2025;NBBL;NBBL A;REGULAR SEASON;Gartenzaun24 Baskets Paderborn;Berlin Braves Baskets;Paderborn;Berlin Braves;0;91;82
27.10.2024_2024-2025_NBBL_NBBL A_REGULAR SEASON_FC Bayern München Basketball_SCIENCE CITY JENA;27.10.2024;2024-2025;NBBL;NBBL A;REGULAR SEASON;FC Bayern München Basketball;SCIENCE CITY JENA;Bayern München;Jena;1;73;69
27.10.2024_2024-2025_NBBL_NBBL A_REGULAR SEASON_Berlin Braves Baskets_Gartenzaun24 Baskets Paderborn;27.10.2024;2024-2025;NBBL;NBBL A;REGULAR SEASON;Berlin Braves Baskets;Gartenzaun24 Baskets Paderborn;Berlin Braves;Paderborn;1;82;91
27.10.2024_2024-2025_NBBL_NBBL A_REGULAR SEASON_Bayer Giants Leverkusen_ALBA BERLIN;27.10.2024;2024-2025;NBBL;NBBL A;REGULAR SEASON;Bayer Giants Leverkusen;ALBA BERLIN;Leverkusen;ALBA Berlin;0;70;79
27.10.2024_2024-2025_NBBL_NBBL A_REGULAR SEASON_Baskets Juniors Oldenburg_YOUNG RASTA DRAGONS;27.10.2024;2024-2025;NBBL;NBBL A;REGULAR SEASON;Baskets Juniors Oldenburg;YOUNG RASTA DRAGONS;Oldenburg;Vechta;0;126;25
27.10.2024_2024-2025_NBBL_NBBL A_REGULAR SEASON_ALBA BERLIN_Bayer Giants Leverkusen;27.10.2024;2024-2025;NBBL;NBBL A;REGULAR SEASON;ALBA BERLIN;Bayer Giants Leverkusen;ALBA Berlin;Leverkusen;1;79;70
27.10.2024_2024-2025_JBBL_JBBL_QUALIFICATION_Young Tigers Tübingen_PS Karlsruhe LIONS;27.10.2024;2024-2025;JBBL;JBBL;QUALIFICATION;Young Tigers Tübingen;PS Karlsruhe LIONS;Tübingen;Karlsruhe;1;80;70
27.10.2024_2024-2025_JBBL_JBBL_QUALIFICATION_Young Rasta Dragons_Hamburg Towers;27.10.2024;2024-2025;JBBL;JBBL;QUALIFICATION;Young Rasta Dragons;Hamburg Towers;Vechta;Hamburg;1;46;114
27.10.2024_2024-2025_JBBL_JBBL_QUALIFICATION_Young Lions Wuppertal_BBV RheinStars;27.10.2024;2024-2025;JBBL;JBBL;QUALIFICATION;Young Lions Wuppertal;BBV RheinStars;Wuppertal;Köln;1;85;105
27.10.2024_2024-2025_JBBL_JBBL_QUALIFICATION_WITT Oberpfalz Hunters_TSV München-Ost;27.10.2024;2024-2025;JBBL;JBBL;QUALIFICATION;WITT Oberpfalz Hunters;TSV München-Ost;Oberpfalz;München-Ost;0;65;52
27.10.2024_2024-2025_JBBL_JBBL_QUALIFICATION_VR-Bank Würzburg Baskets Akademie_Freak City Bamberg;27.10.2024;2024-2025;JBBL;JBBL;QUALIFICATION;VR-Bank Würzburg Baskets Akademie;Freak City Bamberg;Würzburg;Bamberg;1;76;87
27.10.2024_2024-2025_JBBL_JBBL_QUALIFICATION_USC Academics Heidelberg_MTV Stuttgart 1843;27.10.2024;2024-2025;JBBL;JBBL;QUALIFICATION;USC Academics Heidelberg;MTV Stuttgart 1843;Heidelberg;Stuttgart;1;58;88
27.10.2024_2024-2025_JBBL_JBBL_QUALIFICATION_UBC Münster_Metropol YoungStars;27.10.2024;2024-2025;JBBL;JBBL;QUALIFICATION;UBC Münster;Metropol YoungStars;Münster;Metropol;1;87;82
27.10.2024_2024-2025_JBBL_JBBL_QUALIFICATION_TuS Lichterfelde_BG Zehlendorf;27.10.2024;2024-2025;JBBL;JBBL;QUALIFICATION;TuS Lichterfelde;BG Zehlendorf;Lichterfelde;Zehlendorf;1;79;87
27.10.2024_2024-2025_JBBL_JBBL_QUALIFICATION_TSV München-Ost_WITT Oberpfalz Hunters;27.10.2024;2024-2025;JBBL;JBBL;QUALIFICATION;TSV München-Ost;WITT Oberpfalz Hunters;München-Ost;Oberpfalz;1;52;65
27.10.2024_2024-2025_JBBL_JBBL_QUALIFICATION_Team Südhessen_Eintracht Frankfurt / SKYLINERS;27.10.2024;2024-2025;JBBL;JBBL;QUALIFICATION;Team Südhessen;Eintracht Frankfurt / SKYLINERS;Südhessen;Frankfurt;0;56;109
27.10.2024_2024-2025_JBBL_JBBL_QUALIFICATION_SG Junior Löwen Braunschweig_MTV Wolfenbüttel;27.10.2024;2024-2025;JBBL;JBBL;QUALIFICATION;SG Junior Löwen Braunschweig;MTV Wolfenbüttel;Braunschweig;Wolfenbüttel;1;78;54
27.10.2024_2024-2025_JBBL_JBBL_QUALIFICATION_SG Bernau-Berlin-Nord_ALBA BERLIN;27.10.2024;2024-2025;JBBL;JBBL;QUALIFICATION;SG Bernau-Berlin-Nord;ALBA BERLIN;Bernau;ALBA Berlin;1;63;121
27.10.2024_2024-2025_JBBL_JBBL_QUALIFICATION_SG ALBASS Berlin_Basketball Talents Potsdam;27.10.2024;2024-2025;JBBL;JBBL;QUALIFICATION;SG ALBASS Berlin;Basketball Talents Potsdam;ALBASS;Potsdam;0;73;86
27.10.2024_2024-2025_JBBL_JBBL_QUALIFICATION_Sartorius Youngsters_Gartenzaun24 Baskets Paderborn;27.10.2024;2024-2025;JBBL;JBBL;QUALIFICATION;Sartorius Youngsters;Gartenzaun24 Baskets Paderborn;Göttingen;Paderborn;0;98;75
27.10.2024_2024-2025_JBBL_JBBL_QUALIFICATION_ROSTOCK SEAWOLVES_Baskets Juniors Oldenburg;27.10.2024;2024-2025;JBBL;JBBL;QUALIFICATION;ROSTOCK SEAWOLVES;Baskets Juniors Oldenburg;Rostock;Oldenburg;1;71;93
27.10.2024_2024-2025_JBBL_JBBL_QUALIFICATION_ROCKETS_Mitteldeutsche Basketball Academy;27.10.2024;2024-2025;JBBL;JBBL;QUALIFICATION;ROCKETS;Mitteldeutsche Basketball Academy;Rockets;MBA;0;64;86
27.10.2024_2024-2025_JBBL_JBBL_QUALIFICATION_ratiopharm akademie Ulm_KICKZ IBAM;27.10.2024;2024-2025;JBBL;JBBL;QUALIFICATION;ratiopharm akademie Ulm;KICKZ IBAM;Ulm;IBAM;0;87;94
27.10.2024_2024-2025_JBBL_JBBL_QUALIFICATION_RASTA Academy_Bramfelder SV;27.10.2024;2024-2025;JBBL;JBBL;QUALIFICATION;RASTA Academy;Bramfelder SV;RASTA Academy;Bramfeld;0;74;68
27.10.2024_2024-2025_JBBL_JBBL_QUALIFICATION_PS Karlsruhe LIONS_Young Tigers Tübingen;27.10.2024;2024-2025;JBBL;JBBL;QUALIFICATION;PS Karlsruhe LIONS;Young Tigers Tübingen;Karlsruhe;Tübingen;0;70;80
27.10.2024_2024-2025_JBBL_JBBL_QUALIFICATION_Nürnberg Falcons_CYBEX Talents BBC Bayreuth;27.10.2024;2024-2025;JBBL;JBBL;QUALIFICATION;Nürnberg Falcons;CYBEX Talents BBC Bayreuth;Nürnberg;Bayreuth;1;67;60
27.10.2024_2024-2025_JBBL_JBBL_QUALIFICATION_MTV Wolfenbüttel_SG Junior Löwen Braunschweig;27.10.2024;2024-2025;JBBL;JBBL;QUALIFICATION;MTV Wolfenbüttel;SG Junior Löwen Braunschweig;Wolfenbüttel;Braunschweig;0;54;78
27.10.2024_2024-2025_JBBL_JBBL_QUALIFICATION_MTV Stuttgart 1843_USC Academics Heidelberg;27.10.2024;2024-2025;JBBL;JBBL;QUALIFICATION;MTV Stuttgart 1843;USC Academics Heidelberg;Stuttgart;Heidelberg;0;88;58
27.10.2024_2024-2025_JBBL_JBBL_QUALIFICATION_Mitteldeutsche Basketball Academy_ROCKETS;27.10.2024;2024-2025;JBBL;JBBL;QUALIFICATION;Mitteldeutsche Basketball Academy;ROCKETS;MBA;Rockets;1;86;64
27.10.2024_2024-2025_JBBL_JBBL_QUALIFICATION_Metropol YoungStars_UBC Münster;27.10.2024;2024-2025;JBBL;JBBL;QUALIFICATION;Metropol YoungStars;UBC Münster;Metropol;Münster;0;82;87
27.10.2024_2024-2025_JBBL_JBBL_QUALIFICATION_KICKZ IBAM_ratiopharm akademie Ulm;27.10.2024;2024-2025;JBBL;JBBL;QUALIFICATION;KICKZ IBAM;ratiopharm akademie Ulm;IBAM;Ulm;1;94;87
27.10.2024_2024-2025_JBBL_JBBL_QUALIFICATION_Hamburg Towers_Young Rasta Dragons;27.10.2024;2024-2025;JBBL;JBBL;QUALIFICATION;Hamburg Towers;Young Rasta Dragons;Hamburg;Vechta;0;114;46
27.10.2024_2024-2025_JBBL_JBBL_QUALIFICATION_Gartenzaun24 Baskets Paderborn_Sartorius Youngsters;27.10.2024;2024-2025;JBBL;JBBL;QUALIFICATION;Gartenzaun24 Baskets Paderborn;Sartorius Youngsters;Paderborn;Göttingen;1;75;98
27.10.2024_2024-2025_JBBL_JBBL_QUALIFICATION_Freak City Bamberg_VR-Bank Würzburg Baskets Akademie;27.10.2024;2024-2025;JBBL;JBBL;QUALIFICATION;Freak City Bamberg;VR-Bank Würzburg Baskets Akademie;Bamberg;Würzburg;0;87;76
27.10.2024_2024-2025_JBBL_JBBL_QUALIFICATION_Eintracht Frankfurt / SKYLINERS_Team Südhessen;27.10.2024;2024-2025;JBBL;JBBL;QUALIFICATION;Eintracht Frankfurt / SKYLINERS;Team Südhessen;Frankfurt;Südhessen;1;109;56
27.10.2024_2024-2025_JBBL_JBBL_QUALIFICATION_CYBEX Talents BBC Bayreuth_Nürnberg Falcons;27.10.2024;2024-2025;JBBL;JBBL;QUALIFICATION;CYBEX Talents BBC Bayreuth;Nürnberg Falcons;Bayreuth;Nürnberg;0;60;67
27.10.2024_2024-2025_JBBL_JBBL_QUALIFICATION_charisma young bulls_BBA Hagen;27.10.2024;2024-2025;JBBL;JBBL;QUALIFICATION;charisma young bulls;BBA Hagen;Young Bulls;BBA Hagen;1;96;64
27.10.2024_2024-2025_JBBL_JBBL_QUALIFICATION_Bramfelder SV_RASTA Academy;27.10.2024;2024-2025;JBBL;JBBL;QUALIFICATION;Bramfelder SV;RASTA Academy;Bramfeld;RASTA Academy;1;68;74
27.10.2024_2024-2025_JBBL_JBBL_QUALIFICATION_BG Zehlendorf_TuS Lichterfelde;27.10.2024;2024-2025;JBBL;JBBL;QUALIFICATION;BG Zehlendorf;TuS Lichterfelde;Zehlendorf;Lichterfelde;0;87;79
27.10.2024_2024-2025_JBBL_JBBL_QUALIFICATION_BBV RheinStars_Young Lions Wuppertal;27.10.2024;2024-2025;JBBL;JBBL;QUALIFICATION;BBV RheinStars;Young Lions Wuppertal;Köln;Wuppertal;0;105;85
27.10.2024_2024-2025_JBBL_JBBL_QUALIFICATION_BBA Hagen_charisma young bulls;27.10.2024;2024-2025;JBBL;JBBL;QUALIFICATION;BBA Hagen;charisma young bulls;BBA Hagen;Young Bulls;0;64;96
27.10.2024_2024-2025_JBBL_JBBL_QUALIFICATION_Baskets Juniors Oldenburg_ROSTOCK SEAWOLVES;27.10.2024;2024-2025;JBBL;JBBL;QUALIFICATION;Baskets Juniors Oldenburg;ROSTOCK SEAWOLVES;Oldenburg;Rostock;0;93;71
27.10.2024_2024-2025_JBBL_JBBL_QUALIFICATION_Basketball Talents Potsdam_SG ALBASS Berlin;27.10.2024;2024-2025;JBBL;JBBL;QUALIFICATION;Basketball Talents Potsdam;SG ALBASS Berlin;Potsdam;ALBASS;1;86;73
27.10.2024_2024-2025_JBBL_JBBL_QUALIFICATION_ALBA BERLIN_SG Bernau-Berlin-Nord;27.10.2024;2024-2025;JBBL;JBBL;QUALIFICATION;ALBA BERLIN;SG Bernau-Berlin-Nord;ALBA Berlin;Bernau;0;121;63
28.10.2024_2024-2025_NBBL_NBBL A_REGULAR SEASON_Porsche BBA Ludwigsburg_FC Bayern München Basketball;28.10.2024;2024-2025;NBBL;NBBL A;REGULAR SEASON;Porsche BBA Ludwigsburg;FC Bayern München Basketball;Ludwigsburg;Bayern München;1;68;88
28.10.2024_2024-2025_NBBL_NBBL A_REGULAR SEASON_FC Bayern München Basketball_Porsche BBA Ludwigsburg;28.10.2024;2024-2025;NBBL;NBBL A;REGULAR SEASON;FC Bayern München Basketball;Porsche BBA Ludwigsburg;Bayern München;Ludwigsburg;0;88;68
29.10.2024_2024-2025_NBBL_NBBL B_REGULAR SEASON_Dresden Titans_Basketball Löwen Erfurt;29.10.2024;2024-2025;NBBL;NBBL B;REGULAR SEASON;Dresden Titans;Basketball Löwen Erfurt;Dresden;Erfurt;1;83;71
29.10.2024_2024-2025_NBBL_NBBL B_REGULAR SEASON_Basketball Löwen Erfurt_Dresden Titans;29.10.2024;2024-2025;NBBL;NBBL B;REGULAR SEASON;Basketball Löwen Erfurt;Dresden Titans;Erfurt;Dresden;0;71;83
30.10.2024_2024-2025_NBBL_NBBL A_REGULAR SEASON_KICKZ IBAM_Eintracht Frankfurt / SKYLINERS;30.10.2024;2024-2025;NBBL;NBBL A;REGULAR SEASON;KICKZ IBAM;Eintracht Frankfurt / SKYLINERS;IBAM;Frankfurt;0;56;66
30.10.2024_2024-2025_NBBL_NBBL A_REGULAR SEASON_Eintracht Frankfurt / SKYLINERS_KICKZ IBAM;30.10.2024;2024-2025;NBBL;NBBL A;REGULAR SEASON;Eintracht Frankfurt / SKYLINERS;KICKZ IBAM;Frankfurt;IBAM;1;66;56
31.10.2024_2024-2025_NBBL_NBBL A_REGULAR SEASON_Porsche BBA Ludwigsburg_Nürnberg Falcons;31.10.2024;2024-2025;NBBL;NBBL A;REGULAR SEASON;Porsche BBA Ludwigsburg;Nürnberg Falcons;Ludwigsburg;Nürnberg;0;84;74
31.10.2024_2024-2025_NBBL_NBBL A_REGULAR SEASON_Nürnberg Falcons_Porsche BBA Ludwigsburg;31.10.2024;2024-2025;NBBL;NBBL A;REGULAR SEASON;Nürnberg Falcons;Porsche BBA Ludwigsburg;Nürnberg;Ludwigsburg;1;74;84
01.11.2024_2024-2025_NBBL_NBBL B_REGULAR SEASON_Team Bonn/Rhöndorf_ROTH Energie BBA GIESSEN 46ers;01.11.2024;2024-2025;NBBL;NBBL B;REGULAR SEASON;Team Bonn/Rhöndorf;ROTH Energie BBA GIESSEN 46ers;Bonn-Rhöndorf;Giessen;1;70;62
01.11.2024_2024-2025_NBBL_NBBL B_REGULAR SEASON_ROTH Energie BBA GIESSEN 46ers_Team Bonn/Rhöndorf;01.11.2024;2024-2025;NBBL;NBBL B;REGULAR SEASON;ROTH Energie BBA GIESSEN 46ers;Team Bonn/Rhöndorf;Giessen;Bonn-Rhöndorf;0;62;70
02.11.2024_2024-2025_NBBL_NBBL B_REGULAR SEASON_Hamburg Towers_Eisbären Bremerhaven;02.11.2024;2024-2025;NBBL;NBBL B;REGULAR SEASON;Hamburg Towers;Eisbären Bremerhaven;Hamburg;Bremerhaven;1;99;65
02.11.2024_2024-2025_NBBL_NBBL B_REGULAR SEASON_Eisbären Bremerhaven_Hamburg Towers;02.11.2024;2024-2025;NBBL;NBBL B;REGULAR SEASON;Eisbären Bremerhaven;Hamburg Towers;Bremerhaven;Hamburg;0;65;99
02.11.2024_2024-2025_JBBL_JBBL_QUALIFICATION_SG Bernau-Berlin-Nord_Basketball Talents Potsdam;02.11.2024;2024-2025;JBBL;JBBL;QUALIFICATION;SG Bernau-Berlin-Nord;Basketball Talents Potsdam;Bernau;Potsdam;0;95;66
02.11.2024_2024-2025_JBBL_JBBL_QUALIFICATION_Basketball Talents Potsdam_SG Bernau-Berlin-Nord;02.11.2024;2024-2025;JBBL;JBBL;QUALIFICATION;Basketball Talents Potsdam;SG Bernau-Berlin-Nord;Potsdam;Bernau;1;66;95
03.11.2024_2024-2025_NBBL_NBBL B_REGULAR SEASON_USC Academics Heidelberg_Orange Academy;03.11.2024;2024-2025;NBBL;NBBL B;REGULAR SEASON;USC Academics Heidelberg;Orange Academy;Heidelberg;Orange;1;64;74
03.11.2024_2024-2025_NBBL_NBBL B_REGULAR SEASON_Team Südhessen_Team Bonn/Rhöndorf;03.11.2024;2024-2025;NBBL;NBBL B;REGULAR SEASON;Team Südhessen;Team Bonn/Rhöndorf;Südhessen;Bonn-Rhöndorf;0;78;111
03.11.2024_2024-2025_NBBL_NBBL B_REGULAR SEASON_Team Bonn/Rhöndorf_Team Südhessen;03.11.2024;2024-2025;NBBL;NBBL B;REGULAR SEASON;Team Bonn/Rhöndorf;Team Südhessen;Bonn-Rhöndorf;Südhessen;1;111;78
03.11.2024_2024-2025_NBBL_NBBL B_REGULAR SEASON_RheinStars Köln_BBA Hagen;03.11.2024;2024-2025;NBBL;NBBL B;REGULAR SEASON;RheinStars Köln;BBA Hagen;Köln;BBA Hagen;0;95;77
03.11.2024_2024-2025_NBBL_NBBL B_REGULAR SEASON_RASTA Academy_Metropol Baskets Ruhr;03.11.2024;2024-2025;NBBL;NBBL B;REGULAR SEASON;RASTA Academy;Metropol Baskets Ruhr;RASTA Academy;Metropol;0;100;56
03.11.2024_2024-2025_NBBL_NBBL B_REGULAR SEASON_Phoenix Hagen_ART Giants Düsseldorf;03.11.2024;2024-2025;NBBL;NBBL B;REGULAR SEASON;Phoenix Hagen;ART Giants Düsseldorf;Phoenix Hagen;Düsseldorf;0;75;77
03.11.2024_2024-2025_NBBL_NBBL B_REGULAR SEASON_Orange Academy_USC Academics Heidelberg;03.11.2024;2024-2025;NBBL;NBBL B;REGULAR SEASON;Orange Academy;USC Academics Heidelberg;Orange;Heidelberg;0;74;64
03.11.2024_2024-2025_NBBL_NBBL B_REGULAR SEASON_Metropol Baskets Ruhr_RASTA Academy;03.11.2024;2024-2025;NBBL;NBBL B;REGULAR SEASON;Metropol Baskets Ruhr;RASTA Academy;Metropol;RASTA Academy;1;56;100
03.11.2024_2024-2025_NBBL_NBBL B_REGULAR SEASON_BBA Hagen_RheinStars Köln;03.11.2024;2024-2025;NBBL;NBBL B;REGULAR SEASON;BBA Hagen;RheinStars Köln;BBA Hagen;Köln;1;77;95
03.11.2024_2024-2025_NBBL_NBBL B_REGULAR SEASON_ART Giants Düsseldorf_Phoenix Hagen;03.11.2024;2024-2025;NBBL;NBBL B;REGULAR SEASON;ART Giants Düsseldorf;Phoenix Hagen;Düsseldorf;Phoenix Hagen;1;77;75
03.11.2024_2024-2025_NBBL_NBBL A_REGULAR SEASON_TEAM URSPRING_KICKZ IBAM;03.11.2024;2024-2025;NBBL;NBBL A;REGULAR SEASON;TEAM URSPRING;KICKZ IBAM;Urspring;IBAM;1;74;68
03.11.2024_2024-2025_NBBL_NBBL A_REGULAR SEASON_Niners Chemnitz Academy_FC Bayern München Basketball;03.11.2024;2024-2025;NBBL;NBBL A;REGULAR SEASON;Niners Chemnitz Academy;FC Bayern München Basketball;Chemnitz;Bayern München;1;68;79
03.11.2024_2024-2025_NBBL_NBBL A_REGULAR SEASON_KICKZ IBAM_TEAM URSPRING;03.11.2024;2024-2025;NBBL;NBBL A;REGULAR SEASON;KICKZ IBAM;TEAM URSPRING;IBAM;Urspring;0;68;74
03.11.2024_2024-2025_NBBL_NBBL A_REGULAR SEASON_FC Bayern München Basketball_Niners Chemnitz Academy;03.11.2024;2024-2025;NBBL;NBBL A;REGULAR SEASON;FC Bayern München Basketball;Niners Chemnitz Academy;Bayern München;Chemnitz;0;79;68
03.11.2024_2024-2025_JBBL_JBBL_QUALIFICATION_Young Tigers Tübingen_Rhein-Neckar Metropolitans;03.11.2024;2024-2025;JBBL;JBBL;QUALIFICATION;Young Tigers Tübingen;Rhein-Neckar Metropolitans;Tübingen;Rhein-Neckar;0;77;94
03.11.2024_2024-2025_JBBL_JBBL_QUALIFICATION_Young Rasta Dragons_Northwestern Basketball Academy;03.11.2024;2024-2025;JBBL;JBBL;QUALIFICATION;Young Rasta Dragons;Northwestern Basketball Academy;Vechta;Northwestern;0;38;114
03.11.2024_2024-2025_JBBL_JBBL_QUALIFICATION_Young Lions Wuppertal_ROTH Energie BBA GIESSEN 46ers;03.11.2024;2024-2025;JBBL;JBBL;QUALIFICATION;Young Lions Wuppertal;ROTH Energie BBA GIESSEN 46ers;Wuppertal;Giessen;0;85;51
03.11.2024_2024-2025_JBBL_JBBL_QUALIFICATION_Young Gladiators Trier_Bayer Giants Leverkusen;03.11.2024;2024-2025;JBBL;JBBL;QUALIFICATION;Young Gladiators Trier;Bayer Giants Leverkusen;Trier;Leverkusen;0;82;88
03.11.2024_2024-2025_JBBL_JBBL_QUALIFICATION_WITT Oberpfalz Hunters_ratiopharm akademie Ulm;03.11.2024;2024-2025;JBBL;JBBL;QUALIFICATION;WITT Oberpfalz Hunters;ratiopharm akademie Ulm;Oberpfalz;Ulm;0;76;100
03.11.2024_2024-2025_JBBL_JBBL_QUALIFICATION_VR-Bank Würzburg Baskets Akademie_Team Frankfurt;03.11.2024;2024-2025;JBBL;JBBL;QUALIFICATION;VR-Bank Würzburg Baskets Akademie;Team Frankfurt;Würzburg;Team Frankfurt;0;80;78
03.11.2024_2024-2025_JBBL_JBBL_QUALIFICATION_USC Academics Heidelberg_Porsche BBA Ludwigsburg;03.11.2024;2024-2025;JBBL;JBBL;QUALIFICATION;USC Academics Heidelberg;Porsche BBA Ludwigsburg;Heidelberg;Ludwigsburg;0;40;87
03.11.2024_2024-2025_JBBL_JBBL_QUALIFICATION_UBC Münster_Phoenix Hagen;03.11.2024;2024-2025;JBBL;JBBL;QUALIFICATION;UBC Münster;Phoenix Hagen;Münster;Phoenix Hagen;0;80;70
03.11.2024_2024-2025_JBBL_JBBL_QUALIFICATION_TuS Lichterfelde_Friedenauer TSC;03.11.2024;2024-2025;JBBL;JBBL;QUALIFICATION;TuS Lichterfelde;Friedenauer TSC;Lichterfelde;Friedenau;0;67;66
03.11.2024_2024-2025_JBBL_JBBL_QUALIFICATION_TSV München-Ost_OrangeAcademy;03.11.2024;2024-2025;JBBL;JBBL;QUALIFICATION;TSV München-Ost;OrangeAcademy;München-Ost;Orange;0;140;86
03.11.2024_2024-2025_JBBL_JBBL_QUALIFICATION_TEAM URSPRING_PS Karlsruhe LIONS;03.11.2024;2024-2025;JBBL;JBBL;QUALIFICATION;TEAM URSPRING;PS Karlsruhe LIONS;Urspring;Karlsruhe;1;77;54
03.11.2024_2024-2025_JBBL_JBBL_QUALIFICATION_Team Südhessen_Freak City Bamberg;03.11.2024;2024-2025;JBBL;JBBL;QUALIFICATION;Team Südhessen;Freak City Bamberg;Südhessen;Bamberg;1;62;107
03.11.2024_2024-2025_JBBL_JBBL_QUALIFICATION_Team Frankfurt_VR-Bank Würzburg Baskets Akademie;03.11.2024;2024-2025;JBBL;JBBL;QUALIFICATION;Team Frankfurt;VR-Bank Würzburg Baskets Akademie;Team Frankfurt;Würzburg;1;78;80
03.11.2024_2024-2025_JBBL_JBBL_QUALIFICATION_Team Bonn/Rhöndorf_BBV RheinStars;03.11.2024;2024-2025;JBBL;JBBL;QUALIFICATION;Team Bonn/Rhöndorf;BBV RheinStars;Bonn-Rhöndorf;Köln;1;105;101
03.11.2024_2024-2025_JBBL_JBBL_QUALIFICATION_SG ALBASS Berlin_BG Zehlendorf;03.11.2024;2024-2025;JBBL;JBBL;QUALIFICATION;SG ALBASS Berlin;BG Zehlendorf;ALBASS;Zehlendorf;1;63;71
03.11.2024_2024-2025_JBBL_JBBL_QUALIFICATION_Science City Jena_Mitteldeutsche Basketball Academy;03.11.2024;2024-2025;JBBL;JBBL;QUALIFICATION;Science City Jena;Mitteldeutsche Basketball Academy;Jena;MBA;0;61;65
03.11.2024_2024-2025_JBBL_JBBL_QUALIFICATION_Sartorius Youngsters_Metropol YoungStars;03.11.2024;2024-2025;JBBL;JBBL;QUALIFICATION;Sartorius Youngsters;Metropol YoungStars;Göttingen;Metropol;1;72;91
03.11.2024_2024-2025_JBBL_JBBL_QUALIFICATION_ROTH Energie BBA GIESSEN 46ers_Young Lions Wuppertal;03.11.2024;2024-2025;JBBL;JBBL;QUALIFICATION;ROTH Energie BBA GIESSEN 46ers;Young Lions Wuppertal;Giessen;Wuppertal;1;51;85
03.11.2024_2024-2025_JBBL_JBBL_QUALIFICATION_ROSTOCK SEAWOLVES_Bramfelder SV;03.11.2024;2024-2025;JBBL;JBBL;QUALIFICATION;ROSTOCK SEAWOLVES;Bramfelder SV;Rostock;Bramfeld;0;78;76
03.11.2024_2024-2025_JBBL_JBBL_QUALIFICATION_ROCKETS_MTV Wolfenbüttel;03.11.2024;2024-2025;JBBL;JBBL;QUALIFICATION;ROCKETS;MTV Wolfenbüttel;Rockets;Wolfenbüttel;1;80;73
03.11.2024_2024-2025_JBBL_JBBL_QUALIFICATION_Rhein-Neckar Metropolitans_Young Tigers Tübingen;03.11.2024;2024-2025;JBBL;JBBL;QUALIFICATION;Rhein-Neckar Metropolitans;Young Tigers Tübingen;Rhein-Neckar;Tübingen;1;94;77
03.11.2024_2024-2025_JBBL_JBBL_QUALIFICATION_ratiopharm akademie Ulm_WITT Oberpfalz Hunters;03.11.2024;2024-2025;JBBL;JBBL;QUALIFICATION;ratiopharm akademie Ulm;WITT Oberpfalz Hunters;Ulm;Oberpfalz;1;100;76
03.11.2024_2024-2025_JBBL_JBBL_QUALIFICATION_RASTA Academy_Hamburg Towers;03.11.2024;2024-2025;JBBL;JBBL;QUALIFICATION;RASTA Academy;Hamburg Towers;RASTA Academy;Hamburg;1;86;94
03.11.2024_2024-2025_JBBL_JBBL_QUALIFICATION_PS Karlsruhe LIONS_TEAM URSPRING;03.11.2024;2024-2025;JBBL;JBBL;QUALIFICATION;PS Karlsruhe LIONS;TEAM URSPRING;Karlsruhe;Urspring;0;54;77
03.11.2024_2024-2025_JBBL_JBBL_QUALIFICATION_Porsche BBA Ludwigsburg_USC Academics Heidelberg;03.11.2024;2024-2025;JBBL;JBBL;QUALIFICATION;Porsche BBA Ludwigsburg;USC Academics Heidelberg;Ludwigsburg;Heidelberg;1;87;40
03.11.2024_2024-2025_JBBL_JBBL_QUALIFICATION_Phoenix Hagen_UBC Münster;03.11.2024;2024-2025;JBBL;JBBL;QUALIFICATION;Phoenix Hagen;UBC Münster;Phoenix Hagen;Münster;1;70;80
03.11.2024_2024-2025_JBBL_JBBL_QUALIFICATION_OrangeAcademy_TSV München-Ost;03.11.2024;2024-2025;JBBL;JBBL;QUALIFICATION;OrangeAcademy;TSV München-Ost;Orange;München-Ost;1;86;140
03.11.2024_2024-2025_JBBL_JBBL_QUALIFICATION_Nürnberg Falcons_Eintracht Frankfurt / SKYLINERS;03.11.2024;2024-2025;JBBL;JBBL;QUALIFICATION;Nürnberg Falcons;Eintracht Frankfurt / SKYLINERS;Nürnberg;Frankfurt;0;56;48
03.11.2024_2024-2025_JBBL_JBBL_QUALIFICATION_Northwestern Basketball Academy_Young Rasta Dragons;03.11.2024;2024-2025;JBBL;JBBL;QUALIFICATION;Northwestern Basketball Academy;Young Rasta Dragons;Northwestern;Vechta;1;114;38
03.11.2024_2024-2025_JBBL_JBBL_QUALIFICATION_MTV Wolfenbüttel_ROCKETS;03.11.2024;2024-2025;JBBL;JBBL;QUALIFICATION;MTV Wolfenbüttel;ROCKETS;Wolfenbüttel;Rockets;0;73;80
03.11.2024_2024-2025_JBBL_JBBL_QUALIFICATION_Mitteldeutsche Basketball Academy_Science City Jena;03.11.2024;2024-2025;JBBL;JBBL;QUALIFICATION;Mitteldeutsche Basketball Academy;Science City Jena;MBA;Jena;1;65;61
03.11.2024_2024-2025_JBBL_JBBL_QUALIFICATION_Metropol YoungStars_Sartorius Youngsters;03.11.2024;2024-2025;JBBL;JBBL;QUALIFICATION;Metropol YoungStars;Sartorius Youngsters;Metropol;Göttingen;0;91;72
03.11.2024_2024-2025_JBBL_JBBL_QUALIFICATION_Hamburg Towers_RASTA Academy;03.11.2024;2024-2025;JBBL;JBBL;QUALIFICATION;Hamburg Towers;RASTA Academy;Hamburg;RASTA Academy;0;94;86
03.11.2024_2024-2025_JBBL_JBBL_QUALIFICATION_Gartenzaun24 Baskets Paderborn_charisma young bulls;03.11.2024;2024-2025;JBBL;JBBL;QUALIFICATION;Gartenzaun24 Baskets Paderborn;charisma young bulls;Paderborn;Young Bulls;1;82;81
03.11.2024_2024-2025_JBBL_JBBL_QUALIFICATION_Friedenauer TSC_TuS Lichterfelde;03.11.2024;2024-2025;JBBL;JBBL;QUALIFICATION;Friedenauer TSC;TuS Lichterfelde;Friedenau;Lichterfelde;1;66;67
03.11.2024_2024-2025_JBBL_JBBL_QUALIFICATION_Freak City Bamberg_Team Südhessen;03.11.2024;2024-2025;JBBL;JBBL;QUALIFICATION;Freak City Bamberg;Team Südhessen;Bamberg;Südhessen;0;107;62
03.11.2024_2024-2025_JBBL_JBBL_QUALIFICATION_Eintracht Frankfurt / SKYLINERS_Nürnberg Falcons;03.11.2024;2024-2025;JBBL;JBBL;QUALIFICATION;Eintracht Frankfurt / SKYLINERS;Nürnberg Falcons;Frankfurt;Nürnberg;1;48;56
03.11.2024_2024-2025_JBBL_JBBL_QUALIFICATION_charisma young bulls_Gartenzaun24 Baskets Paderborn;03.11.2024;2024-2025;JBBL;JBBL;QUALIFICATION;charisma young bulls;Gartenzaun24 Baskets Paderborn;Young Bulls;Paderborn;0;81;82
03.11.2024_2024-2025_JBBL_JBBL_QUALIFICATION_Bramfelder SV_ROSTOCK SEAWOLVES;03.11.2024;2024-2025;JBBL;JBBL;QUALIFICATION;Bramfelder SV;ROSTOCK SEAWOLVES;Bramfeld;Rostock;1;76;78
03.11.2024_2024-2025_JBBL_JBBL_QUALIFICATION_BG Zehlendorf_SG ALBASS Berlin;03.11.2024;2024-2025;JBBL;JBBL;QUALIFICATION;BG Zehlendorf;SG ALBASS Berlin;Zehlendorf;ALBASS;0;71;63
03.11.2024_2024-2025_JBBL_JBBL_QUALIFICATION_BBV RheinStars_Team Bonn/Rhöndorf;03.11.2024;2024-2025;JBBL;JBBL;QUALIFICATION;BBV RheinStars;Team Bonn/Rhöndorf;Köln;Bonn-Rhöndorf;0;101;105
03.11.2024_2024-2025_JBBL_JBBL_QUALIFICATION_Bayer Giants Leverkusen_Young Gladiators Trier;03.11.2024;2024-2025;JBBL;JBBL;QUALIFICATION;Bayer Giants Leverkusen;Young Gladiators Trier;Leverkusen;Trier;1;88;82
08.11.2024_2024-2025_NBBL_NBBL A_REGULAR SEASON_Sartorius Juniors_ALBA BERLIN;08.11.2024;2024-2025;NBBL;NBBL A;REGULAR SEASON;Sartorius Juniors;ALBA BERLIN;Göttingen;ALBA Berlin;0;70;84
08.11.2024_2024-2025_NBBL_NBBL A_REGULAR SEASON_ALBA BERLIN_Sartorius Juniors;08.11.2024;2024-2025;NBBL;NBBL A;REGULAR SEASON;ALBA BERLIN;Sartorius Juniors;ALBA Berlin;Göttingen;1;84;70
09.11.2024_2024-2025_NBBL_NBBL B_REGULAR SEASON_Rhein-Neckar Metropolitans_ratiopharm Ulm;09.11.2024;2024-2025;NBBL;NBBL B;REGULAR SEASON;Rhein-Neckar Metropolitans;ratiopharm Ulm;Rhein-Neckar;Ulm;1;66;136
09.11.2024_2024-2025_NBBL_NBBL B_REGULAR SEASON_ratiopharm Ulm_Rhein-Neckar Metropolitans;09.11.2024;2024-2025;NBBL;NBBL B;REGULAR SEASON;ratiopharm Ulm;Rhein-Neckar Metropolitans;Ulm;Rhein-Neckar;0;136;66
09.11.2024_2024-2025_NBBL_NBBL A_REGULAR SEASON_YOUNG RASTA DRAGONS_UBC Münster;09.11.2024;2024-2025;NBBL;NBBL A;REGULAR SEASON;YOUNG RASTA DRAGONS;UBC Münster;Vechta;Münster;0;63;78
09.11.2024_2024-2025_NBBL_NBBL A_REGULAR SEASON_UBC Münster_YOUNG RASTA DRAGONS;09.11.2024;2024-2025;NBBL;NBBL A;REGULAR SEASON;UBC Münster;YOUNG RASTA DRAGONS;Münster;Vechta;1;78;63
10.11.2024_2024-2025_NBBL_NBBL B_REGULAR SEASON_VR-Bank Würzburg Baskets Akademie_Tröster Breitengüßbach/Freak City Bamberg;10.11.2024;2024-2025;NBBL;NBBL B;REGULAR SEASON;VR-Bank Würzburg Baskets Akademie;Tröster Breitengüßbach/Freak City Bamberg;Würzburg;Bamberg;0;87;57
10.11.2024_2024-2025_NBBL_NBBL B_REGULAR SEASON_VfL Kirchheim Knights_TS Jahn München;10.11.2024;2024-2025;NBBL;NBBL B;REGULAR SEASON;VfL Kirchheim Knights;TS Jahn München;Kirchheim;Jahn München;1;69;86
10.11.2024_2024-2025_NBBL_NBBL B_REGULAR SEASON_USC Academics Heidelberg_Orange Academy;10.11.2024;2024-2025;NBBL;NBBL B;REGULAR SEASON;USC Academics Heidelberg;Orange Academy;Heidelberg;Orange;0;75;80
10.11.2024_2024-2025_NBBL_NBBL B_REGULAR SEASON_TS Jahn München_VfL Kirchheim Knights;10.11.2024;2024-2025;NBBL;NBBL B;REGULAR SEASON;TS Jahn München;VfL Kirchheim Knights;Jahn München;Kirchheim;0;86;69
10.11.2024_2024-2025_NBBL_NBBL B_REGULAR SEASON_Tröster Breitengüßbach/Freak City Bamberg_VR-Bank Würzburg Baskets Akademie;10.11.2024;2024-2025;NBBL;NBBL B;REGULAR SEASON;Tröster Breitengüßbach/Freak City Bamberg;VR-Bank Würzburg Baskets Akademie;Bamberg;Würzburg;1;57;87
10.11.2024_2024-2025_NBBL_NBBL B_REGULAR SEASON_TG 1837 Hanau a.V._Basketball Löwen Erfurt;10.11.2024;2024-2025;NBBL;NBBL B;REGULAR SEASON;TG 1837 Hanau a.V.;Basketball Löwen Erfurt;Hanau;Erfurt;1;79;92
10.11.2024_2024-2025_NBBL_NBBL B_REGULAR SEASON_Team Südhessen_RheinStars Köln;10.11.2024;2024-2025;NBBL;NBBL B;REGULAR SEASON;Team Südhessen;RheinStars Köln;Südhessen;Köln;1;76;79
10.11.2024_2024-2025_NBBL_NBBL B_REGULAR SEASON_Team Bonn/Rhöndorf_ROTH Energie BBA GIESSEN 46ers;10.11.2024;2024-2025;NBBL;NBBL B;REGULAR SEASON;Team Bonn/Rhöndorf;ROTH Energie BBA GIESSEN 46ers;Bonn-Rhöndorf;Giessen;0;78;67
10.11.2024_2024-2025_NBBL_NBBL B_REGULAR SEASON_SG Junior Löwen Braunschweig_RASTA Academy;10.11.2024;2024-2025;NBBL;NBBL B;REGULAR SEASON;SG Junior Löwen Braunschweig;RASTA Academy;Braunschweig;RASTA Academy;0;71;85
10.11.2024_2024-2025_NBBL_NBBL B_REGULAR SEASON_ROTH Energie BBA GIESSEN 46ers_Team Bonn/Rhöndorf;10.11.2024;2024-2025;NBBL;NBBL B;REGULAR SEASON;ROTH Energie BBA GIESSEN 46ers;Team Bonn/Rhöndorf;Giessen;Bonn-Rhöndorf;1;67;78
10.11.2024_2024-2025_NBBL_NBBL B_REGULAR SEASON_ROSTOCK SEAWOLVES_Eisbären Bremerhaven;10.11.2024;2024-2025;NBBL;NBBL B;REGULAR SEASON;ROSTOCK SEAWOLVES;Eisbären Bremerhaven;Rostock;Bremerhaven;0;78;61
10.11.2024_2024-2025_NBBL_NBBL B_REGULAR SEASON_RheinStars Köln_Team Südhessen;10.11.2024;2024-2025;NBBL;NBBL B;REGULAR SEASON;RheinStars Köln;Team Südhessen;Köln;Südhessen;0;79;76
10.11.2024_2024-2025_NBBL_NBBL B_REGULAR SEASON_RASTA Academy_SG Junior Löwen Braunschweig;10.11.2024;2024-2025;NBBL;NBBL B;REGULAR SEASON;RASTA Academy;SG Junior Löwen Braunschweig;RASTA Academy;Braunschweig;1;85;71
10.11.2024_2024-2025_NBBL_NBBL B_REGULAR SEASON_Orange Academy_USC Academics Heidelberg;10.11.2024;2024-2025;NBBL;NBBL B;REGULAR SEASON;Orange Academy;USC Academics Heidelberg;Orange;Heidelberg;1;80;75
10.11.2024_2024-2025_NBBL_NBBL B_REGULAR SEASON_Metropol Baskets Ruhr_Hamburg Towers;10.11.2024;2024-2025;NBBL;NBBL B;REGULAR SEASON;Metropol Baskets Ruhr;Hamburg Towers;Metropol;Hamburg;1;80;86
10.11.2024_2024-2025_NBBL_NBBL B_REGULAR SEASON_Hamburg Towers_Metropol Baskets Ruhr;10.11.2024;2024-2025;NBBL;NBBL B;REGULAR SEASON;Hamburg Towers;Metropol Baskets Ruhr;Hamburg;Metropol;0;86;80
10.11.2024_2024-2025_NBBL_NBBL B_REGULAR SEASON_Eisbären Bremerhaven_ROSTOCK SEAWOLVES;10.11.2024;2024-2025;NBBL;NBBL B;REGULAR SEASON;Eisbären Bremerhaven;ROSTOCK SEAWOLVES;Bremerhaven;Rostock;1;61;78
10.11.2024_2024-2025_NBBL_NBBL B_REGULAR SEASON_Dresden Titans_CYBEX Talents BBC Bayreuth;10.11.2024;2024-2025;NBBL;NBBL B;REGULAR SEASON;Dresden Titans;CYBEX Talents BBC Bayreuth;Dresden;Bayreuth;1;79;73
10.11.2024_2024-2025_NBBL_NBBL B_REGULAR SEASON_CYBEX Talents BBC Bayreuth_Dresden Titans;10.11.2024;2024-2025;NBBL;NBBL B;REGULAR SEASON;CYBEX Talents BBC Bayreuth;Dresden Titans;Bayreuth;Dresden;0;73;79
10.11.2024_2024-2025_NBBL_NBBL B_REGULAR SEASON_BBA Hagen_ART Giants Düsseldorf;10.11.2024;2024-2025;NBBL;NBBL B;REGULAR SEASON;BBA Hagen;ART Giants Düsseldorf;BBA Hagen;Düsseldorf;0;74;65
10.11.2024_2024-2025_NBBL_NBBL B_REGULAR SEASON_Basketball Löwen Erfurt_TG 1837 Hanau a.V.;10.11.2024;2024-2025;NBBL;NBBL B;REGULAR SEASON;Basketball Löwen Erfurt;TG 1837 Hanau a.V.;Erfurt;Hanau;0;92;79
10.11.2024_2024-2025_NBBL_NBBL B_REGULAR SEASON_ART Giants Düsseldorf_BBA Hagen;10.11.2024;2024-2025;NBBL;NBBL B;REGULAR SEASON;ART Giants Düsseldorf;BBA Hagen;Düsseldorf;BBA Hagen;1;65;74
10.11.2024_2024-2025_NBBL_NBBL A_REGULAR SEASON_SCIENCE CITY JENA_Porsche BBA Ludwigsburg;10.11.2024;2024-2025;NBBL;NBBL A;REGULAR SEASON;SCIENCE CITY JENA;Porsche BBA Ludwigsburg;Jena;Ludwigsburg;0;54;72
10.11.2024_2024-2025_NBBL_NBBL A_REGULAR SEASON_Porsche BBA Ludwigsburg_SCIENCE CITY JENA;10.11.2024;2024-2025;NBBL;NBBL A;REGULAR SEASON;Porsche BBA Ludwigsburg;SCIENCE CITY JENA;Ludwigsburg;Jena;1;72;54
10.11.2024_2024-2025_NBBL_NBBL A_REGULAR SEASON_Gartenzaun24 Baskets Paderborn_Bayer Giants Leverkusen;10.11.2024;2024-2025;NBBL;NBBL A;REGULAR SEASON;Gartenzaun24 Baskets Paderborn;Bayer Giants Leverkusen;Paderborn;Leverkusen;1;79;54
10.11.2024_2024-2025_NBBL_NBBL A_REGULAR SEASON_Berlin Braves Baskets_Baskets Juniors Oldenburg;10.11.2024;2024-2025;NBBL;NBBL A;REGULAR SEASON;Berlin Braves Baskets;Baskets Juniors Oldenburg;Berlin Braves;Oldenburg;0;80;95
10.11.2024_2024-2025_NBBL_NBBL A_REGULAR SEASON_Bayer Giants Leverkusen_Gartenzaun24 Baskets Paderborn;10.11.2024;2024-2025;NBBL;NBBL A;REGULAR SEASON;Bayer Giants Leverkusen;Gartenzaun24 Baskets Paderborn;Leverkusen;Paderborn;0;54;79
10.11.2024_2024-2025_NBBL_NBBL A_REGULAR SEASON_Baskets Juniors Oldenburg_Berlin Braves Baskets;10.11.2024;2024-2025;NBBL;NBBL A;REGULAR SEASON;Baskets Juniors Oldenburg;Berlin Braves Baskets;Oldenburg;Berlin Braves;1;95;80
10.11.2024_2024-2025_JBBL_JBBL_QUALIFICATION_Young Tigers Tübingen_Porsche BBA Ludwigsburg;10.11.2024;2024-2025;JBBL;JBBL;QUALIFICATION;Young Tigers Tübingen;Porsche BBA Ludwigsburg;Tübingen;Ludwigsburg;1;46;85
10.11.2024_2024-2025_JBBL_JBBL_QUALIFICATION_Young Rasta Dragons_Bramfelder SV;10.11.2024;2024-2025;JBBL;JBBL;QUALIFICATION;Young Rasta Dragons;Bramfelder SV;Vechta;Bramfeld;1;34;136
10.11.2024_2024-2025_JBBL_JBBL_QUALIFICATION_Young Lions Wuppertal_Bayer Giants Leverkusen;10.11.2024;2024-2025;JBBL;JBBL;QUALIFICATION;Young Lions Wuppertal;Bayer Giants Leverkusen;Wuppertal;Leverkusen;1;96;61
10.11.2024_2024-2025_JBBL_JBBL_QUALIFICATION_WITT Oberpfalz Hunters_OrangeAcademy;10.11.2024;2024-2025;JBBL;JBBL;QUALIFICATION;WITT Oberpfalz Hunters;OrangeAcademy;Oberpfalz;Orange;1;74;61
10.11.2024_2024-2025_JBBL_JBBL_QUALIFICATION_VR-Bank Würzburg Baskets Akademie_Eintracht Frankfurt / SKYLINERS;10.11.2024;2024-2025;JBBL;JBBL;QUALIFICATION;VR-Bank Würzburg Baskets Akademie;Eintracht Frankfurt / SKYLINERS;Würzburg;Frankfurt;1;50;64
10.11.2024_2024-2025_JBBL_JBBL_QUALIFICATION_UBC Münster_Gartenzaun24 Baskets Paderborn;10.11.2024;2024-2025;JBBL;JBBL;QUALIFICATION;UBC Münster;Gartenzaun24 Baskets Paderborn;Münster;Paderborn;1;77;70
10.11.2024_2024-2025_JBBL_JBBL_QUALIFICATION_TuS Lichterfelde_Basketball Talents Potsdam;10.11.2024;2024-2025;JBBL;JBBL;QUALIFICATION;TuS Lichterfelde;Basketball Talents Potsdam;Lichterfelde;Potsdam;1;58;66
10.11.2024_2024-2025_JBBL_JBBL_QUALIFICATION_TSV München-Ost_KICKZ IBAM;10.11.2024;2024-2025;JBBL;JBBL;QUALIFICATION;TSV München-Ost;KICKZ IBAM;München-Ost;IBAM;1;50;85
10.11.2024_2024-2025_JBBL_JBBL_QUALIFICATION_Team Frankfurt_Freak City Bamberg;10.11.2024;2024-2025;JBBL;JBBL;QUALIFICATION;Team Frankfurt;Freak City Bamberg;Team Frankfurt;Bamberg;0;83;87
10.11.2024_2024-2025_JBBL_JBBL_QUALIFICATION_Team Bonn/Rhöndorf_ART Giants Düsseldorf;10.11.2024;2024-2025;JBBL;JBBL;QUALIFICATION;Team Bonn/Rhöndorf;ART Giants Düsseldorf;Bonn-Rhöndorf;Düsseldorf;0;113;91
10.11.2024_2024-2025_JBBL_JBBL_QUALIFICATION_SG Junior Löwen Braunschweig_Mitteldeutsche Basketball Academy;10.11.2024;2024-2025;JBBL;JBBL;QUALIFICATION;SG Junior Löwen Braunschweig;Mitteldeutsche Basketball Academy;Braunschweig;MBA;1;120;70
10.11.2024_2024-2025_JBBL_JBBL_QUALIFICATION_SG ALBASS Berlin_ALBA BERLIN;10.11.2024;2024-2025;JBBL;JBBL;QUALIFICATION;SG ALBASS Berlin;ALBA BERLIN;ALBASS;ALBA Berlin;0;42;125
10.11.2024_2024-2025_JBBL_JBBL_QUALIFICATION_ROTH Energie BBA GIESSEN 46ers_BBV RheinStars;10.11.2024;2024-2025;JBBL;JBBL;QUALIFICATION;ROTH Energie BBA GIESSEN 46ers;BBV RheinStars;Giessen;Köln;0;73;143
10.11.2024_2024-2025_JBBL_JBBL_QUALIFICATION_ROCKETS_Dresden Titans;10.11.2024;2024-2025;JBBL;JBBL;QUALIFICATION;ROCKETS;Dresden Titans;Rockets;Dresden;0;61;96
10.11.2024_2024-2025_JBBL_JBBL_QUALIFICATION_Rhein-Neckar Metropolitans_PS Karlsruhe LIONS;10.11.2024;2024-2025;JBBL;JBBL;QUALIFICATION;Rhein-Neckar Metropolitans;PS Karlsruhe LIONS;Rhein-Neckar;Karlsruhe;0;68;63
10.11.2024_2024-2025_JBBL_JBBL_QUALIFICATION_ratiopharm akademie Ulm_FC Bayern München Basketball;10.11.2024;2024-2025;JBBL;JBBL;QUALIFICATION;ratiopharm akademie Ulm;FC Bayern München Basketball;Ulm;Bayern München;0;76;83
10.11.2024_2024-2025_JBBL_JBBL_QUALIFICATION_RASTA Academy_Baskets Juniors Oldenburg;10.11.2024;2024-2025;JBBL;JBBL;QUALIFICATION;RASTA Academy;Baskets Juniors Oldenburg;RASTA Academy;Oldenburg;0;86;74
10.11.2024_2024-2025_JBBL_JBBL_QUALIFICATION_PS Karlsruhe LIONS_Rhein-Neckar Metropolitans;10.11.2024;2024-2025;JBBL;JBBL;QUALIFICATION;PS Karlsruhe LIONS;Rhein-Neckar Metropolitans;Karlsruhe;Rhein-Neckar;1;63;68
10.11.2024_2024-2025_JBBL_JBBL_QUALIFICATION_Porsche BBA Ludwigsburg_Young Tigers Tübingen;10.11.2024;2024-2025;JBBL;JBBL;QUALIFICATION;Porsche BBA Ludwigsburg;Young Tigers Tübingen;Ludwigsburg;Tübingen;0;85;46
10.11.2024_2024-2025_JBBL_JBBL_QUALIFICATION_Phoenix Hagen_Metropol YoungStars;10.11.2024;2024-2025;JBBL;JBBL;QUALIFICATION;Phoenix Hagen;Metropol YoungStars;Phoenix Hagen;Metropol;0;73;114
10.11.2024_2024-2025_JBBL_JBBL_QUALIFICATION_OrangeAcademy_WITT Oberpfalz Hunters;10.11.2024;2024-2025;JBBL;JBBL;QUALIFICATION;OrangeAcademy;WITT Oberpfalz Hunters;Orange;Oberpfalz;0;61;74
10.11.2024_2024-2025_JBBL_JBBL_QUALIFICATION_Northwestern Basketball Academy_Hamburg Towers;10.11.2024;2024-2025;JBBL;JBBL;QUALIFICATION;Northwestern Basketball Academy;Hamburg Towers;Northwestern;Hamburg;0;88;106
10.11.2024_2024-2025_JBBL_JBBL_QUALIFICATION_NINERS Chemnitz Academy_MTV Wolfenbüttel;10.11.2024;2024-2025;JBBL;JBBL;QUALIFICATION;NINERS Chemnitz Academy;MTV Wolfenbüttel;Chemnitz;Wolfenbüttel;0;67;57
10.11.2024_2024-2025_JBBL_JBBL_QUALIFICATION_MTV Wolfenbüttel_NINERS Chemnitz Academy;10.11.2024;2024-2025;JBBL;JBBL;QUALIFICATION;MTV Wolfenbüttel;NINERS Chemnitz Academy;Wolfenbüttel;Chemnitz;1;57;67
10.11.2024_2024-2025_JBBL_JBBL_QUALIFICATION_Mitteldeutsche Basketball Academy_SG Junior Löwen Braunschweig;10.11.2024;2024-2025;JBBL;JBBL;QUALIFICATION;Mitteldeutsche Basketball Academy;SG Junior Löwen Braunschweig;MBA;Braunschweig;0;70;120
10.11.2024_2024-2025_JBBL_JBBL_QUALIFICATION_Metropol YoungStars_Phoenix Hagen;10.11.2024;2024-2025;JBBL;JBBL;QUALIFICATION;Metropol YoungStars;Phoenix Hagen;Metropol;Phoenix Hagen;1;114;73
10.11.2024_2024-2025_JBBL_JBBL_QUALIFICATION_KICKZ IBAM_TSV München-Ost;10.11.2024;2024-2025;JBBL;JBBL;QUALIFICATION;KICKZ IBAM;TSV München-Ost;IBAM;München-Ost;0;85;50
10.11.2024_2024-2025_JBBL_JBBL_QUALIFICATION_Hamburg Towers_Northwestern Basketball Academy;10.11.2024;2024-2025;JBBL;JBBL;QUALIFICATION;Hamburg Towers;Northwestern Basketball Academy;Hamburg;Northwestern;1;106;88
10.11.2024_2024-2025_JBBL_JBBL_QUALIFICATION_Gartenzaun24 Baskets Paderborn_UBC Münster;10.11.2024;2024-2025;JBBL;JBBL;QUALIFICATION;Gartenzaun24 Baskets Paderborn;UBC Münster;Paderborn;Münster;0;70;77
10.11.2024_2024-2025_JBBL_JBBL_QUALIFICATION_Friedenauer TSC_BG Zehlendorf;10.11.2024;2024-2025;JBBL;JBBL;QUALIFICATION;Friedenauer TSC;BG Zehlendorf;Friedenau;Zehlendorf;0;80;88
10.11.2024_2024-2025_JBBL_JBBL_QUALIFICATION_Freak City Bamberg_Team Frankfurt;10.11.2024;2024-2025;JBBL;JBBL;QUALIFICATION;Freak City Bamberg;Team Frankfurt;Bamberg;Team Frankfurt;1;87;83
10.11.2024_2024-2025_JBBL_JBBL_QUALIFICATION_FC Bayern München Basketball_ratiopharm akademie Ulm;10.11.2024;2024-2025;JBBL;JBBL;QUALIFICATION;FC Bayern München Basketball;ratiopharm akademie Ulm;Bayern München;Ulm;1;83;76
10.11.2024_2024-2025_JBBL_JBBL_QUALIFICATION_Eintracht Frankfurt / SKYLINERS_VR-Bank Würzburg Baskets Akademie;10.11.2024;2024-2025;JBBL;JBBL;QUALIFICATION;Eintracht Frankfurt / SKYLINERS;VR-Bank Würzburg Baskets Akademie;Frankfurt;Würzburg;0;64;50
10.11.2024_2024-2025_JBBL_JBBL_QUALIFICATION_Dresden Titans_ROCKETS;10.11.2024;2024-2025;JBBL;JBBL;QUALIFICATION;Dresden Titans;ROCKETS;Dresden;Rockets;1;96;61
10.11.2024_2024-2025_JBBL_JBBL_QUALIFICATION_Bramfelder SV_Young Rasta Dragons;10.11.2024;2024-2025;JBBL;JBBL;QUALIFICATION;Bramfelder SV;Young Rasta Dragons;Bramfeld;Vechta;0;136;34
10.11.2024_2024-2025_JBBL_JBBL_QUALIFICATION_BG Zehlendorf_Friedenauer TSC;10.11.2024;2024-2025;JBBL;JBBL;QUALIFICATION;BG Zehlendorf;Friedenauer TSC;Zehlendorf;Friedenau;1;88;80
10.11.2024_2024-2025_JBBL_JBBL_QUALIFICATION_BBV RheinStars_ROTH Energie BBA GIESSEN 46ers;10.11.2024;2024-2025;JBBL;JBBL;QUALIFICATION;BBV RheinStars;ROTH Energie BBA GIESSEN 46ers;Köln;Giessen;1;143;73
10.11.2024_2024-2025_JBBL_JBBL_QUALIFICATION_Bayer Giants Leverkusen_Young Lions Wuppertal;10.11.2024;2024-2025;JBBL;JBBL;QUALIFICATION;Bayer Giants Leverkusen;Young Lions Wuppertal;Leverkusen;Wuppertal;0;61;96
10.11.2024_2024-2025_JBBL_JBBL_QUALIFICATION_Baskets Juniors Oldenburg_RASTA Academy;10.11.2024;2024-2025;JBBL;JBBL;QUALIFICATION;Baskets Juniors Oldenburg;RASTA Academy;Oldenburg;RASTA Academy;1;74;86
10.11.2024_2024-2025_JBBL_JBBL_QUALIFICATION_Basketball Talents Potsdam_TuS Lichterfelde;10.11.2024;2024-2025;JBBL;JBBL;QUALIFICATION;Basketball Talents Potsdam;TuS Lichterfelde;Potsdam;Lichterfelde;0;66;58
10.11.2024_2024-2025_JBBL_JBBL_QUALIFICATION_ART Giants Düsseldorf_Team Bonn/Rhöndorf;10.11.2024;2024-2025;JBBL;JBBL;QUALIFICATION;ART Giants Düsseldorf;Team Bonn/Rhöndorf;Düsseldorf;Bonn-Rhöndorf;1;91;113
10.11.2024_2024-2025_JBBL_JBBL_QUALIFICATION_ALBA BERLIN_SG ALBASS Berlin;10.11.2024;2024-2025;JBBL;JBBL;QUALIFICATION;ALBA BERLIN;SG ALBASS Berlin;ALBA Berlin;ALBASS;1;125;42
16.11.2024_2024-2025_NBBL_NBBL B_REGULAR SEASON_TS Jahn München_Rhein-Neckar Metropolitans;16.11.2024;2024-2025;NBBL;NBBL B;REGULAR SEASON;TS Jahn München;Rhein-Neckar Metropolitans;Jahn München;Rhein-Neckar;0;70;80
16.11.2024_2024-2025_NBBL_NBBL B_REGULAR SEASON_Rhein-Neckar Metropolitans_TS Jahn München;16.11.2024;2024-2025;NBBL;NBBL B;REGULAR SEASON;Rhein-Neckar Metropolitans;TS Jahn München;Rhein-Neckar;Jahn München;1;80;70
17.11.2024_2024-2025_NBBL_NBBL B_REGULAR SEASON_VR-Bank Würzburg Baskets Akademie_TG 1837 Hanau a.V.;17.11.2024;2024-2025;NBBL;NBBL B;REGULAR SEASON;VR-Bank Würzburg Baskets Akademie;TG 1837 Hanau a.V.;Würzburg;Hanau;1;89;39
17.11.2024_2024-2025_NBBL_NBBL B_REGULAR SEASON_VfL Kirchheim Knights_USC Academics Heidelberg;17.11.2024;2024-2025;NBBL;NBBL B;REGULAR SEASON;VfL Kirchheim Knights;USC Academics Heidelberg;Kirchheim;Heidelberg;1;75;71
17.11.2024_2024-2025_NBBL_NBBL B_REGULAR SEASON_USC Academics Heidelberg_VfL Kirchheim Knights;17.11.2024;2024-2025;NBBL;NBBL B;REGULAR SEASON;USC Academics Heidelberg;VfL Kirchheim Knights;Heidelberg;Kirchheim;0;71;75
17.11.2024_2024-2025_NBBL_NBBL B_REGULAR SEASON_Tröster Breitengüßbach/Freak City Bamberg_Dresden Titans;17.11.2024;2024-2025;NBBL;NBBL B;REGULAR SEASON;Tröster Breitengüßbach/Freak City Bamberg;Dresden Titans;Bamberg;Dresden;0;80;71
17.11.2024_2024-2025_NBBL_NBBL B_REGULAR SEASON_TG 1837 Hanau a.V._VR-Bank Würzburg Baskets Akademie;17.11.2024;2024-2025;NBBL;NBBL B;REGULAR SEASON;TG 1837 Hanau a.V.;VR-Bank Würzburg Baskets Akademie;Hanau;Würzburg;0;39;89
17.11.2024_2024-2025_NBBL_NBBL B_REGULAR SEASON_Team Südhessen_BBA Hagen;17.11.2024;2024-2025;NBBL;NBBL B;REGULAR SEASON;Team Südhessen;BBA Hagen;Südhessen;BBA Hagen;0;87;77
17.11.2024_2024-2025_NBBL_NBBL B_REGULAR SEASON_Team Bonn/Rhöndorf_Phoenix Hagen;17.11.2024;2024-2025;NBBL;NBBL B;REGULAR SEASON;Team Bonn/Rhöndorf;Phoenix Hagen;Bonn-Rhöndorf;Phoenix Hagen;1;129;78
17.11.2024_2024-2025_NBBL_NBBL B_REGULAR SEASON_SG Junior Löwen Braunschweig_ROSTOCK SEAWOLVES;17.11.2024;2024-2025;NBBL;NBBL B;REGULAR SEASON;SG Junior Löwen Braunschweig;ROSTOCK SEAWOLVES;Braunschweig;Rostock;1;73;82
17.11.2024_2024-2025_NBBL_NBBL B_REGULAR SEASON_ROTH Energie BBA GIESSEN 46ers_RheinStars Köln;17.11.2024;2024-2025;NBBL;NBBL B;REGULAR SEASON;ROTH Energie BBA GIESSEN 46ers;RheinStars Köln;Giessen;Köln;0;70;91
17.11.2024_2024-2025_NBBL_NBBL B_REGULAR SEASON_ROSTOCK SEAWOLVES_SG Junior Löwen Braunschweig;17.11.2024;2024-2025;NBBL;NBBL B;REGULAR SEASON;ROSTOCK SEAWOLVES;SG Junior Löwen Braunschweig;Rostock;Braunschweig;0;82;73
17.11.2024_2024-2025_NBBL_NBBL B_REGULAR SEASON_RheinStars Köln_ROTH Energie BBA GIESSEN 46ers;17.11.2024;2024-2025;NBBL;NBBL B;REGULAR SEASON;RheinStars Köln;ROTH Energie BBA GIESSEN 46ers;Köln;Giessen;1;91;70
17.11.2024_2024-2025_NBBL_NBBL B_REGULAR SEASON_Phoenix Hagen_Team Bonn/Rhöndorf;17.11.2024;2024-2025;NBBL;NBBL B;REGULAR SEASON;Phoenix Hagen;Team Bonn/Rhöndorf;Phoenix Hagen;Bonn-Rhöndorf;0;78;129
17.11.2024_2024-2025_NBBL_NBBL B_REGULAR SEASON_Hamburg Towers_Eisbären Bremerhaven;17.11.2024;2024-2025;NBBL;NBBL B;REGULAR SEASON;Hamburg Towers;Eisbären Bremerhaven;Hamburg;Bremerhaven;0;85;73
17.11.2024_2024-2025_NBBL_NBBL B_REGULAR SEASON_Eisbären Bremerhaven_Hamburg Towers;17.11.2024;2024-2025;NBBL;NBBL B;REGULAR SEASON;Eisbären Bremerhaven;Hamburg Towers;Bremerhaven;Hamburg;1;73;85
17.11.2024_2024-2025_NBBL_NBBL B_REGULAR SEASON_Dresden Titans_Tröster Breitengüßbach/Freak City Bamberg;17.11.2024;2024-2025;NBBL;NBBL B;REGULAR SEASON;Dresden Titans;Tröster Breitengüßbach/Freak City Bamberg;Dresden;Bamberg;1;71;80
17.11.2024_2024-2025_NBBL_NBBL B_REGULAR SEASON_CYBEX Talents BBC Bayreuth_Basketball Löwen Erfurt;17.11.2024;2024-2025;NBBL;NBBL B;REGULAR SEASON;CYBEX Talents BBC Bayreuth;Basketball Löwen Erfurt;Bayreuth;Erfurt;1;83;78
17.11.2024_2024-2025_NBBL_NBBL B_REGULAR SEASON_BBA Hagen_Team Südhessen;17.11.2024;2024-2025;NBBL;NBBL B;REGULAR SEASON;BBA Hagen;Team Südhessen;BBA Hagen;Südhessen;1;77;87
17.11.2024_2024-2025_NBBL_NBBL B_REGULAR SEASON_Basketball Löwen Erfurt_CYBEX Talents BBC Bayreuth;17.11.2024;2024-2025;NBBL;NBBL B;REGULAR SEASON;Basketball Löwen Erfurt;CYBEX Talents BBC Bayreuth;Erfurt;Bayreuth;0;78;83
17.11.2024_2024-2025_NBBL_NBBL A_REGULAR SEASON_UBC Münster_Gartenzaun24 Baskets Paderborn;17.11.2024;2024-2025;NBBL;NBBL A;REGULAR SEASON;UBC Münster;Gartenzaun24 Baskets Paderborn;Münster;Paderborn;1;73;84
17.11.2024_2024-2025_NBBL_NBBL A_REGULAR SEASON_TEAM URSPRING_Porsche BBA Ludwigsburg;17.11.2024;2024-2025;NBBL;NBBL A;REGULAR SEASON;TEAM URSPRING;Porsche BBA Ludwigsburg;Urspring;Ludwigsburg;1;90;91
17.11.2024_2024-2025_NBBL_NBBL A_REGULAR SEASON_Porsche BBA Ludwigsburg_TEAM URSPRING;17.11.2024;2024-2025;NBBL;NBBL A;REGULAR SEASON;Porsche BBA Ludwigsburg;TEAM URSPRING;Ludwigsburg;Urspring;0;91;90
17.11.2024_2024-2025_NBBL_NBBL A_REGULAR SEASON_Nürnberg Falcons_KICKZ IBAM;17.11.2024;2024-2025;NBBL;NBBL A;REGULAR SEASON;Nürnberg Falcons;KICKZ IBAM;Nürnberg;IBAM;1;80;76
17.11.2024_2024-2025_NBBL_NBBL A_REGULAR SEASON_Niners Chemnitz Academy_FC Bayern München Basketball;17.11.2024;2024-2025;NBBL;NBBL A;REGULAR SEASON;Niners Chemnitz Academy;FC Bayern München Basketball;Chemnitz;Bayern München;0;92;69
17.11.2024_2024-2025_NBBL_NBBL A_REGULAR SEASON_KICKZ IBAM_Nürnberg Falcons;17.11.2024;2024-2025;NBBL;NBBL A;REGULAR SEASON;KICKZ IBAM;Nürnberg Falcons;IBAM;Nürnberg;0;76;80
17.11.2024_2024-2025_NBBL_NBBL A_REGULAR SEASON_Gartenzaun24 Baskets Paderborn_UBC Münster;17.11.2024;2024-2025;NBBL;NBBL A;REGULAR SEASON;Gartenzaun24 Baskets Paderborn;UBC Münster;Paderborn;Münster;0;84;73
17.11.2024_2024-2025_NBBL_NBBL A_REGULAR SEASON_FC Bayern München Basketball_Niners Chemnitz Academy;17.11.2024;2024-2025;NBBL;NBBL A;REGULAR SEASON;FC Bayern München Basketball;Niners Chemnitz Academy;Bayern München;Chemnitz;1;69;92
17.11.2024_2024-2025_NBBL_NBBL A_REGULAR SEASON_Berlin Braves Baskets_ALBA BERLIN;17.11.2024;2024-2025;NBBL;NBBL A;REGULAR SEASON;Berlin Braves Baskets;ALBA BERLIN;Berlin Braves;ALBA Berlin;1;58;69
17.11.2024_2024-2025_NBBL_NBBL A_REGULAR SEASON_ALBA BERLIN_Berlin Braves Baskets;17.11.2024;2024-2025;NBBL;NBBL A;REGULAR SEASON;ALBA BERLIN;Berlin Braves Baskets;ALBA Berlin;Berlin Braves;0;69;58
17.11.2024_2024-2025_JBBL_JBBL_QUALIFICATION_Young Gladiators Trier_ART Giants Düsseldorf;17.11.2024;2024-2025;JBBL;JBBL;QUALIFICATION;Young Gladiators Trier;ART Giants Düsseldorf;Trier;Düsseldorf;1;92;98
17.11.2024_2024-2025_JBBL_JBBL_QUALIFICATION_TS Jahn München_FC Bayern München Basketball;17.11.2024;2024-2025;JBBL;JBBL;QUALIFICATION;TS Jahn München;FC Bayern München Basketball;Jahn München;Bayern München;1;90;61
17.11.2024_2024-2025_JBBL_JBBL_QUALIFICATION_Team Südhessen_CYBEX Talents BBC Bayreuth;17.11.2024;2024-2025;JBBL;JBBL;QUALIFICATION;Team Südhessen;CYBEX Talents BBC Bayreuth;Südhessen;Bayreuth;0;73;72
17.11.2024_2024-2025_JBBL_JBBL_QUALIFICATION_Team Bonn/Rhöndorf_Bayer Giants Leverkusen;17.11.2024;2024-2025;JBBL;JBBL;QUALIFICATION;Team Bonn/Rhöndorf;Bayer Giants Leverkusen;Bonn-Rhöndorf;Leverkusen;0;114;100
17.11.2024_2024-2025_JBBL_JBBL_QUALIFICATION_SG Junior Löwen Braunschweig_NINERS Chemnitz Academy;17.11.2024;2024-2025;JBBL;JBBL;QUALIFICATION;SG Junior Löwen Braunschweig;NINERS Chemnitz Academy;Braunschweig;Chemnitz;0;78;85
17.11.2024_2024-2025_JBBL_JBBL_QUALIFICATION_Science City Jena_Dresden Titans;17.11.2024;2024-2025;JBBL;JBBL;QUALIFICATION;Science City Jena;Dresden Titans;Jena;Dresden;1;53;87
17.11.2024_2024-2025_JBBL_JBBL_QUALIFICATION_NINERS Chemnitz Academy_SG Junior Löwen Braunschweig;17.11.2024;2024-2025;JBBL;JBBL;QUALIFICATION;NINERS Chemnitz Academy;SG Junior Löwen Braunschweig;Chemnitz;Braunschweig;1;85;78
17.11.2024_2024-2025_JBBL_JBBL_QUALIFICATION_FC Bayern München Basketball_TS Jahn München;17.11.2024;2024-2025;JBBL;JBBL;QUALIFICATION;FC Bayern München Basketball;TS Jahn München;Bayern München;Jahn München;0;61;90
17.11.2024_2024-2025_JBBL_JBBL_QUALIFICATION_Dresden Titans_Science City Jena;17.11.2024;2024-2025;JBBL;JBBL;QUALIFICATION;Dresden Titans;Science City Jena;Dresden;Jena;0;87;53
17.11.2024_2024-2025_JBBL_JBBL_QUALIFICATION_CYBEX Talents BBC Bayreuth_Team Südhessen;17.11.2024;2024-2025;JBBL;JBBL;QUALIFICATION;CYBEX Talents BBC Bayreuth;Team Südhessen;Bayreuth;Südhessen;1;72;73
17.11.2024_2024-2025_JBBL_JBBL_QUALIFICATION_Bayer Giants Leverkusen_Team Bonn/Rhöndorf;17.11.2024;2024-2025;JBBL;JBBL;QUALIFICATION;Bayer Giants Leverkusen;Team Bonn/Rhöndorf;Leverkusen;Bonn-Rhöndorf;1;100;114
17.11.2024_2024-2025_JBBL_JBBL_QUALIFICATION_ART Giants Düsseldorf_Young Gladiators Trier;17.11.2024;2024-2025;JBBL;JBBL;QUALIFICATION;ART Giants Düsseldorf;Young Gladiators Trier;Düsseldorf;Trier;0;98;92
21.11.2024_2024-2025_JBBL_JBBL_QUALIFICATION_TS Jahn München_KICKZ IBAM;21.11.2024;2024-2025;JBBL;JBBL;QUALIFICATION;TS Jahn München;KICKZ IBAM;Jahn München;IBAM;0;64;74
21.11.2024_2024-2025_JBBL_JBBL_QUALIFICATION_KICKZ IBAM_TS Jahn München;21.11.2024;2024-2025;JBBL;JBBL;QUALIFICATION;KICKZ IBAM;TS Jahn München;IBAM;Jahn München;1;74;64
;;;;;;;;;;;;
;;;;;;;;;;;;
;;;;;;;;;;;;
;;;;;;;;;;;;
;;;;;;;;;;;;
;;;;;;;;;;;;
;;;;;;;;;;;;
;;;;;;;;;;;;
;;;;;;;;;;;;
;;;;;;;;;;;;
;;;;;;;;;;;;
;;;;;;;;;;;;
;;;;;;;;;;;;
;;;;;;;;;;;;
;;;;;;;;;;;;
;;;;;;;;;;;;
;;;;;;;;;;;;
;;;;;;;;;;;;
;;;;;;;;;;;;
;;;;;;;;;;;;
;;;;;;;;;;;;
;;;;;;;;;;;;
;;;;;;;;;;;;
;;;;;;;;;;;;
;;;;;;;;;;;;
;;;;;;;;;;;;
;;;;;;;;;;;;
;;;;;;;;;;;;
;;;;;;;;;;;;
;;;;;;;;;;;;
;;;;;;;;;;;;
;;;;;;;;;;;;
;;;;;;;;;;;;
;;;;;;;;;;;;
;;;;;;;;;;;;
;;;;;;;;;;;;
;;;;;;;;;;;;
;;;;;;;;;;;;
;;;;;;;;;;;;
;;;;;;;;;;;;
;;;;;;;;;;;;
;;;;;;;;;;;;
;;;;;;;;;;;;
;;;;;;;;;;;;
;;;;;;;;;;;;
;;;;;;;;;;;;
;;;;;;;;;;;;
;;;;;;;;;;;;
;;;;;;;;;;;;
;;;;;;;;;;;;
;;;;;;;;;;;;
;;;;;;;;;;;;
;;;;;;;;;;;;
;;;;;;;;;;;;
;;;;;;;;;;;;
;;;;;;;;;;;;
;;;;;;;;;;;;
;;;;;;;;;;;;
;;;;;;;;;;;;
;;;;;;;;;;;;
;;;;;;;;;;;;
;;;;;;;;;;;;
;;;;;;;;;;;;
;;;;;;;;;;;;
;;;;;;;;;;;;
;;;;;;;;;;;;
;;;;;;;;;;;;
;;;;;;;;;;;;
;;;;;;;;;;;;
;;;;;;;;;;;;
;;;;;;;;;;;;
;;;;;;;;;;;;
;;;;;;;;;;;;
;;;;;;;;;;;;
;;;;;;;;;;;;
;;;;;;;;;;;;
;;;;;;;;;;;;
;;;;;;;;;;;;
;;;;;;;;;;;;
;;;;;;;;;;;;
;;;;;;;;;;;;
;;;;;;;;;;;;
;;;;;;;;;;;;
;;;;;;;;;;;;
;;;;;;;;;;;;
;;;;;;;;;;;;
;;;;;;;;;;;;
;;;;;;;;;;;;
;;;;;;;;;;;;
;;;;;;;;;;;;
;;;;;;;;;;;;
;;;;;;;;;;;;
;;;;;;;;;;;;
;;;;;;;;;;;;
;;;;;;;;;;;;
;;;;;;;;;;;;
;;;;;;;;;;;;
;;;;;;;;;;;;
;;;;;;;;;;;;
;;;;;;;;;;;;
;;;;;;;;;;;;
;;;;;;;;;;;;
;;;;;;;;;;;;
;;;;;;;;;;;;
;;;;;;;;;;;;
;;;;;;;;;;;;
;;;;;;;;;;;;
;;;;;;;;;;;;
;;;;;;;;;;;;
;;;;;;;;;;;;
;;;;;;;;;;;;
;;;;;;;;;;;;
;;;;;;;;;;;;
;;;;;;;;;;;;
;;;;;;;;;;;;
;;;;;;;;;;;;
;;;;;;;;;;;;
;;;;;;;;;;;;
;;;;;;;;;;;;
;;;;;;;;;;;;
;;;;;;;;;;;;
;;;;;;;;;;;;
;;;;;;;;;;;;
;;;;;;;;;;;;
;;;;;;;;;;;;
;;;;;;;;;;;;
;;;;;;;;;;;;
;;;;;;;;;;;;
;;;;;;;;;;;;
;;;;;;;;;;;;
;;;;;;;;;;;;
;;;;;;;;;;;;
;;;;;;;;;;;;
;;;;;;;;;;;;
;;;;;;;;;;;;
;;;;;;;;;;;;
;;;;;;;;;;;;
;;;;;;;;;;;;
;;;;;;;;;;;;
;;;;;;;;;;;;
;;;;;;;;;;;;
;;;;;;;;;;;;
;;;;;;;;;;;;
;;;;;;;;;;;;
;;;;;;;;;;;;
;;;;;;;;;;;;
;;;;;;;;;;;;
;;;;;;;;;;;;
;;;;;;;;;;;;
;;;;;;;;;;;;
;;;;;;;;;;;;
;;;;;;;;;;;;
;;;;;;;;;;;;
;;;;;;;;;;;;
;;;;;;;;;;;;
;;;;;;;;;;;;
;;;;;;;;;;;;
;;;;;;;;;;;;
;;;;;;;;;;;;
;;;;;;;;;;;;
;;;;;;;;;;;;
;;;;;;;;;;;;
;;;;;;;;;;;;
;;;;;;;;;;;;
;;;;;;;;;;;;
;;;;;;;;;;;;
;;;;;;;;;;;;
;;;;;;;;;;;;
;;;;;;;;;;;;
;;;;;;;;;;;;
;;;;;;;;;;;;
;;;;;;;;;;;;
;;;;;;;;;;;;
;;;;;;;;;;;;
;;;;;;;;;;;;
;;;;;;;;;;;;
;;;;;;;;;;;;
;;;;;;;;;;;;
;;;;;;;;;;;;
;;;;;;;;;;;;
;;;;;;;;;;;;
;;;;;;;;;;;;
;;;;;;;;;;;;
;;;;;;;;;;;;
;;;;;;;;;;;;
;;;;;;;;;;;;
;;;;;;;;;;;;
;;;;;;;;;;;;
;;;;;;;;;;;;
;;;;;;;;;;;;
;;;;;;;;;;;;
;;;;;;;;;;;;
;;;;;;;;;;;;
;;;;;;;;;;;;
;;;;;;;;;;;;
;;;;;;;;;;;;
;;;;;;;;;;;;
;;;;;;;;;;;;
;;;;;;;;;;;;
;;;;;;;;;;;;
;;;;;;;;;;;;
;;;;;;;;;;;;
;;;;;;;;;;;;
;;;;;;;;;;;;
;;;;;;;;;;;;
;;;;;;;;;;;;
;;;;;;;;;;;;
;;;;;;;;;;;;
;;;;;;;;;;;;
;;;;;;;;;;;;
;;;;;;;;;;;;
;;;;;;;;;;;;
;;;;;;;;;;;;
;;;;;;;;;;;;
;;;;;;;;;;;;
;;;;;;;;;;;;
;;;;;;;;;;;;
;;;;;;;;;;;;
;;;;;;;;;;;;
;;;;;;;;;;;;
;;;;;;;;;;;;
;;;;;;;;;;;;
;;;;;;;;;;;;
;;;;;;;;;;;;
;;;;;;;;;;;;
;;;;;;;;;;;;
;;;;;;;;;;;;
;;;;;;;;;;;;
;;;;;;;;;;;;
;;;;;;;;;;;;
;;;;;;;;;;;;
;;;;;;;;;;;;
;;;;;;;;;;;;
;;;;;;;;;;;;
;;;;;;;;;;;;
;;;;;;;;;;;;
;;;;;;;;;;;;
;;;;;;;;;;;;
;;;;;;;;;;;;
;;;;;;;;;;;;
;;;;;;;;;;;;
;;;;;;;;;;;;
;;;;;;;;;;;;
;;;;;;;;;;;;
;;;;;;;;;;;;
;;;;;;;;;;;;
;;;;;;;;;;;;
;;;;;;;;;;;;
;;;;;;;;;;;;
;;;;;;;;;;;;
;;;;;;;;;;;;
;;;;;;;;;;;;
;;;;;;;;;;;;
;;;;;;;;;;;;
;;;;;;;;;;;;
;;;;;;;;;;;;
;;;;;;;;;;;;
;;;;;;;;;;;;
;;;;;;;;;;;;
;;;;;;;;;;;;
;;;;;;;;;;;;
;;;;;;;;;;;;
;;;;;;;;;;;;
;;;;;;;;;;;;
;;;;;;;;;;;;
;;;;;;;;;;;;
;;;;;;;;;;;;
;;;;;;;;;;;;
;;;;;;;;;;;;
;;;;;;;;;;;;
;;;;;;;;;;;;
;;;;;;;;;;;;
;;;;;;;;;;;;
;;;;;;;;;;;;
;;;;;;;;;;;;
;;;;;;;;;;;;
;;;;;;;;;;;;
;;;;;;;;;;;;
;;;;;;;;;;;;
;;;;;;;;;;;;
;;;;;;;;;;;;
;;;;;;;;;;;;
;;;;;;;;;;;;
;;;;;;;;;;;;
;;;;;;;;;;;;
;;;;;;;;;;;;
;;;;;;;;;;;;
;;;;;;;;;;;;
;;;;;;;;;;;;
;;;;;;;;;;;;
;;;;;;;;;;;;
;;;;;;;;;;;;
;;;;;;;;;;;;
;;;;;;;;;;;;
;;;;;;;;;;;;
;;;;;;;;;;;;
;;;;;;;;;;;;
;;;;;;;;;;;;
;;;;;;;;;;;;
;;;;;;;;;;;;
;;;;;;;;;;;;
;;;;;;;;;;;;
;;;;;;;;;;;;
;;;;;;;;;;;;
;;;;;;;;;;;;
;;;;;;;;;;;;
;;;;;;;;;;;;
;;;;;;;;;;;;
;;;;;;;;;;;;
;;;;;;;;;;;;
;;;;;;;;;;;;
;;;;;;;;;;;;
;;;;;;;;;;;;
;;;;;;;;;;;;
;;;;;;;;;;;;
;;;;;;;;;;;;
;;;;;;;;;;;;
;;;;;;;;;;;;
;;;;;;;;;;;;
;;;;;;;;;;;;
;;;;;;;;;;;;
;;;;;;;;;;;;
;;;;;;;;;;;;
;;;;;;;;;;;;
;;;;;;;;;;;;
;;;;;;;;;;;;
;;;;;;;;;;;;
;;;;;;;;;;;;
;;;;;;;;;;;;
;;;;;;;;;;;;
;;;;;;;;;;;;
;;;;;;;;;;;;
;;;;;;;;;;;;
;;;;;;;;;;;;
;;;;;;;;;;;;
;;;;;;;;;;;;
;;;;;;;;;;;;
;;;;;;;;;;;;
;;;;;;;;;;;;
;;;;;;;;;;;;
;;;;;;;;;;;;
;;;;;;;;;;;;
;;;;;;;;;;;;
;;;;;;;;;;;;
;;;;;;;;;;;;
;;;;;;;;;;;;
;;;;;;;;;;;;
;;;;;;;;;;;;
;;;;;;;;;;;;
;;;;;;;;;;;;
;;;;;;;;;;;;
;;;;;;;;;;;;
;;;;;;;;;;;;
;;;;;;;;;;;;
;;;;;;;;;;;;
;;;;;;;;;;;;
;;;;;;;;;;;;
;;;;;;;;;;;;
;;;;;;;;;;;;
;;;;;;;;;;;;
;;;;;;;;;;;;
;;;;;;;;;;;;
;;;;;;;;;;;;
;;;;;;;;;;;;
;;;;;;;;;;;;
;;;;;;;;;;;;
;;;;;;;;;;;;
;;;;;;;;;;;;
;;;;;;;;;;;;
;;;;;;;;;;;;
;;;;;;;;;;;;
;;;;;;;;;;;;
;;;;;;;;;;;;
;;;;;;;;;;;;
;;;;;;;;;;;;
;;;;;;;;;;;;
;;;;;;;;;;;;
;;;;;;;;;;;;
;;;;;;;;;;;;
;;;;;;;;;;;;
;;;;;;;;;;;;
;;;;;;;;;;;;
;;;;;;;;;;;;
;;;;;;;;;;;;
;;;;;;;;;;;;
;;;;;;;;;;;;
;;;;;;;;;;;;
;;;;;;;;;;;;
;;;;;;;;;;;;
;;;;;;;;;;;;
;;;;;;;;;;;;
;;;;;;;;;;;;
;;;;;;;;;;;;
;;;;;;;;;;;;
;;;;;;;;;;;;
;;;;;;;;;;;;
;;;;;;;;;;;;
;;;;;;;;;;;;
;;;;;;;;;;;;
;;;;;;;;;;;;
;;;;;;;;;;;;
;;;;;;;;;;;;
;;;;;;;;;;;;
;;;;;;;;;;;;
;;;;;;;;;;;;
;;;;;;;;;;;;
;;;;;;;;;;;;
;;;;;;;;;;;;
;;;;;;;;;;;;
;;;;;;;;;;;;
;;;;;;;;;;;;
;;;;;;;;;;;;
;;;;;;;;;;;;
;;;;;;;;;;;;
;;;;;;;;;;;;
;;;;;;;;;;;;
;;;;;;;;;;;;
;;;;;;;;;;;;
;;;;;;;;;;;;
;;;;;;;;;;;;
;;;;;;;;;;;;
;;;;;;;;;;;;
;;;;;;;;;;;;
;;;;;;;;;;;;
;;;;;;;;;;;;
;;;;;;;;;;;;
;;;;;;;;;;;;
;;;;;;;;;;;;
;;;;;;;;;;;;
;;;;;;;;;;;;
;;;;;;;;;;;;
;;;;;;;;;;;;
;;;;;;;;;;;;
;;;;;;;;;;;;
;;;;;;;;;;;;
;;;;;;;;;;;;
;;;;;;;;;;;;
;;;;;;;;;;;;
;;;;;;;;;;;;
;;;;;;;;;;;;
;;;;;;;;;;;;
;;;;;;;;;;;;
;;;;;;;;;;;;
;;;;;;;;;;;;
;;;;;;;;;;;;
;;;;;;;;;;;;
;;;;;;;;;;;;
;;;;;;;;;;;;
;;;;;;;;;;;;
;;;;;;;;;;;;
;;;;;;;;;;;;
;;;;;;;;;;;;
;;;;;;;;;;;;
;;;;;;;;;;;;
;;;;;;;;;;;;
;;;;;;;;;;;;
;;;;;;;;;;;;
;;;;;;;;;;;;
;;;;;;;;;;;;
;;;;;;;;;;;;
;;;;;;;;;;;;
;;;;;;;;;;;;
;;;;;;;;;;;;
;;;;;;;;;;;;
;;;;;;;;;;;;
;;;;;;;;;;;;
;;;;;;;;;;;;
;;;;;;;;;;;;
;;;;;;;;;;;;
;;;;;;;;;;;;
;;;;;;;;;;;;
;;;;;;;;;;;;
;;;;;;;;;;;;
;;;;;;;;;;;;
;;;;;;;;;;;;
;;;;;;;;;;;;
;;;;;;;;;;;;
;;;;;;;;;;;;
;;;;;;;;;;;;
;;;;;;;;;;;;
;;;;;;;;;;;;
;;;;;;;;;;;;
;;;;;;;;;;;;
;;;;;;;;;;;;
;;;;;;;;;;;;
;;;;;;;;;;;;
;;;;;;;;;;;;
;;;;;;;;;;;;
;;;;;;;;;;;;
;;;;;;;;;;;;
;;;;;;;;;;;;
;;;;;;;;;;;;
;;;;;;;;;;;;
;;;;;;;;;;;;
;;;;;;;;;;;;
;;;;;;;;;;;;
;;;;;;;;;;;;
;;;;;;;;;;;;
;;;;;;;;;;;;
;;;;;;;;;;;;
;;;;;;;;;;;;
;;;;;;;;;;;;
;;;;;;;;;;;;
;;;;;;;;;;;;
;;;;;;;;;;;;
;;;;;;;;;;;;
;;;;;;;;;;;;
;;;;;;;;;;;;
;;;;;;;;;;;;
;;;;;;;;;;;;
;;;;;;;;;;;;
;;;;;;;;;;;;
;;;;;;;;;;;;
;;;;;;;;;;;;
;;;;;;;;;;;;
;;;;;;;;;;;;
;;;;;;;;;;;;
;;;;;;;;;;;;
;;;;;;;;;;;;
;;;;;;;;;;;;
;;;;;;;;;;;;
;;;;;;;;;;;;
;;;;;;;;;;;;
;;;;;;;;;;;;
;;;;;;;;;;;;
;;;;;;;;;;;;
;;;;;;;;;;;;
;;;;;;;;;;;;
;;;;;;;;;;;;
;;;;;;;;;;;;
;;;;;;;;;;;;
;;;;;;;;;;;;
;;;;;;;;;;;;
;;;;;;;;;;;;
;;;;;;;;;;;;
;;;;;;;;;;;;
;;;;;;;;;;;;
;;;;;;;;;;;;
;;;;;;;;;;;;
;;;;;;;;;;;;
;;;;;;;;;;;;
;;;;;;;;;;;;
;;;;;;;;;;;;
;;;;;;;;;;;;
;;;;;;;;;;;;
;;;;;;;;;;;;
;;;;;;;;;;;;
;;;;;;;;;;;;
;;;;;;;;;;;;
;;;;;;;;;;;;
;;;;;;;;;;;;
;;;;;;;;;;;;
;;;;;;;;;;;;
;;;;;;;;;;;;
;;;;;;;;;;;;
;;;;;;;;;;;;
;;;;;;;;;;;;
;;;;;;;;;;;;
;;;;;;;;;;;;
;;;;;;;;;;;;
;;;;;;;;;;;;
;;;;;;;;;;;;
;;;;;;;;;;;;
;;;;;;;;;;;;
;;;;;;;;;;;;
;;;;;;;;;;;;
;;;;;;;;;;;;
;;;;;;;;;;;;
;;;;;;;;;;;;
;;;;;;;;;;;;
;;;;;;;;;;;;
;;;;;;;;;;;;
;;;;;;;;;;;;
;;;;;;;;;;;;
;;;;;;;;;;;;
;;;;;;;;;;;;
;;;;;;;;;;;;
;;;;;;;;;;;;
;;;;;;;;;;;;
;;;;;;;;;;;;
;;;;;;;;;;;;
;;;;;;;;;;;;
;;;;;;;;;;;;
;;;;;;;;;;;;
;;;;;;;;;;;;
;;;;;;;;;;;;
;;;;;;;;;;;;
;;;;;;;;;;;;
;;;;;;;;;;;;
;;;;;;;;;;;;
;;;;;;;;;;;;
;;;;;;;;;;;;
;;;;;;;;;;;;
;;;;;;;;;;;;
;;;;;;;;;;;;
;;;;;;;;;;;;
;;;;;;;;;;;;
;;;;;;;;;;;;
;;;;;;;;;;;;
;;;;;;;;;;;;
;;;;;;;;;;;;
;;;;;;;;;;;;
;;;;;;;;;;;;
;;;;;;;;;;;;
;;;;;;;;;;;;
;;;;;;;;;;;;
;;;;;;;;;;;;
;;;;;;;;;;;;
;;;;;;;;;;;;
;;;;;;;;;;;;
;;;;;;;;;;;;
;;;;;;;;;;;;
;;;;;;;;;;;;
;;;;;;;;;;;;
;;;;;;;;;;;;
;;;;;;;;;;;;
;;;;;;;;;;;;
;;;;;;;;;;;;
;;;;;;;;;;;;
;;;;;;;;;;;;
;;;;;;;;;;;;
;;;;;;;;;;;;
;;;;;;;;;;;;
;;;;;;;;;;;;
;;;;;;;;;;;;
;;;;;;;;;;;;
;;;;;;;;;;;;
;;;;;;;;;;;;
;;;;;;;;;;;;
;;;;;;;;;;;;
;;;;;;;;;;;;
;;;;;;;;;;;;
;;;;;;;;;;;;
;;;;;;;;;;;;
;;;;;;;;;;;;
;;;;;;;;;;;;
;;;;;;;;;;;;
;;;;;;;;;;;;
;;;;;;;;;;;;
;;;;;;;;;;;;
;;;;;;;;;;;;
;;;;;;;;;;;;
