SEASON_YEAR;LEAGUE;DIV;SEASON_TYPE;TEAM_long;PLAYER;BIRTHDATE;POS;ROLE;TEAM;TEAM_ID;ID;EST_POS;EST_ROLE;BORN;GP;MP;PT;RB;AS;ST;BS;TO;PF;EF;DD;TD;MPG;PPG;RPG;APG;SPG;BPG;TOPG;PFPG;EFPG;PER;PIE;2PM;2PA;2P%;3PM;3PA;3P%;FGM;FGA;FG%;FTM;FTA;FT%;ORTG;DRTG;NRTG;OBPM;DBPM;BPM;VORP;OWS;DWS;WS;WS_40;FIC;FIC_Gm;AS_RATIO;AS_RATE;AS_TO;REB%;ST%;BS%;USAGE;TS%;EFG%;TOV%;ORB%;FT_RATE;DR;OR;PPROD;FLOOR%;STOP%;ORTG_ADJ;DRTG_ADJ;NRTG_ADJ;FP;ST_TO;Pt_TSA;PPP;DRB%;ORPG;DRPG;FGMPG;FGAPG;3PMPG;3PAPG;FTMPG;FTAPG;FPPG;HIGHPT;HIGHRB;HIGHAS;HIGHST;HIGHBS;20+;30+;40+;HIGH3PMPG;POSS_GAME;GAMESCORE;GAMESCOREPG;STOPS_Gm;2PMPG;2PAPG;PlayerID;Badges
20222023;NBBL;NBBL;SEASON;Bamberg freakcity academy;Joshua Schönbäck;22.01.2004;Forward;Pure Creator;Bamberg;Bamberg SEASON 22-23;20222023_NBBL_NBBL_SEASON_Bamberg freakcity academy_Joshua Schönbäck_22.01.2004;4.3;1.3;2004;14;343.0;209;86;23;13;7;31;21;250;1;0;24.5;14.9;6.1;1.6;0.9;0.5;2.2;1.5;17.9;36.5;13.5;63;92;68.5;12;35;34.3;75;127;59.1;47;52;90.4;123.6;100.7;22.9;2.7;0.1;2.8;2.0;2.3;0.1;2.3;0.3;165.8;11.8;4.7;12.3;0.7;15.0;1.8;2.0;22.4;70.7;63.8;17.1;8.1;37.0;64;22;193.2;0.566;0.596;120.1;97.9;22.3;355.7;0.4;1.4;1.3;21.2;1.6;4.6;5.4;9.1;0.9;2.5;3.4;3.7;25.4;26;13;3;4;1;2;0;0;2;11.2;177.3;12.7;6.1;4.5;6.6;10001;Efficient Shooter,High Impact Player
20232024;NBBL;NBBL;SEASON;Tornados Franken;Simon Feneberg;20.02.2005;Combo;Pure Creator;Nürnberg;Nürnberg SEASON 23-24;20232024_NBBL_NBBL_SEASON_Tornados Franken_Simon Feneberg_20.02.2005;2.3;1.0;2005;15;486.5;313;115;88;38;2;81;39;325;5;0;32.4;20.9;7.7;5.9;2.5;0.1;5.4;2.6;21.7;34.7;17.4;72;113;63.7;39;133;29.3;111;246;45.1;52;67;77.6;103.6;88.2;15.4;7.3;1.7;9.0;6.0;2.0;1.2;3.1;0.3;223.1;14.9;8.1;23.4;1.1;13.0;3.8;0.4;29.7;57.4;53.0;22.7;5.2;21.1;91;24;314.1;0.455;0.671;101.9;86.8;15.2;582.0;0.5;1.1;1.0;21.4;1.6;6.1;7.4;16.4;2.6;8.9;3.5;4.5;38.8;37;16;13;5;1;11;1;0;4;20.2;227.7;15.2;8.9;4.8;7.5;10008;High Impact Player
20222023;NBBL;NBBL A;REGULAR SEASON;Tornados Franken;Leo Trummeter;07.05.2004;Wing;Pure Creator;Nürnberg;Nürnberg REGULAR SEASON 22-23;20222023_NBBL_NBBL A_REGULAR SEASON_Tornados Franken_Leo Trummeter_07.05.2004;2.5;1.1;2004;12;330.0;203;46;28;25;2;33;35;175;0;0;27.5;16.9;3.8;2.3;2.1;0.2;2.8;2.9;14.6;32.7;11.9;54;87;62.1;18;55;32.7;72;142;50.7;41;67;61.2;107.7;93.4;14.3;4.0;0.4;4.4;4.1;1.6;0.4;2.0;0.2;115.4;9.6;4.9;13.2;0.8;8.5;3.7;0.7;26.4;60.1;57.0;16.1;6.7;28.9;26;20;188.7;0.503;0.582;108.9;94.5;14.4;321.2;0.8;1.2;1.2;10.7;1.7;2.2;6.0;11.8;1.5;4.6;3.4;5.6;26.8;30;9;6;4;2;4;1;0;4;14.6;142.8;11.9;6.5;4.5;7.3;10017;Efficient Shooter
20222023;NBBL;NBBL;SEASON;Medipolis SC Jena;Raphael Falkenthal;17.06.2005;Point;Pure Creator;SC Jena;SC Jena SEASON 22-23;20222023_NBBL_NBBL_SEASON_Medipolis SC Jena_Raphael Falkenthal_17.06.2005;1.2;1.0;2005;16;545.7;337;59;81;52;4;71;48;312;0;0;34.1;21.1;3.7;5.1;3.3;0.3;4.4;3.0;19.5;34.2;16.7;74;127;58.3;32;115;27.8;106;242;43.8;93;107;86.9;107.0;91.7;15.3;5.9;2.8;8.8;6.7;2.7;0.9;3.6;0.3;204.1;12.8;7.5;21.3;1.1;6.6;4.7;0.8;28.3;59.2;50.4;19.7;2.2;38.4;49;10;342.5;0.472;0.634;107.5;92.1;15.4;570.3;0.7;1.2;1.1;11.0;0.6;3.1;6.6;15.1;2.0;7.2;5.8;6.7;35.6;37;9;9;7;1;9;1;0;4;20.0;247.4;15.5;8.8;4.6;7.9;10020;High Impact Player
20222023;NBBL;NBBL;SEASON;Medipolis SC Jena;Lukas Passarge;14.12.2004;Big;Creator;SC Jena;SC Jena SEASON 22-23;20222023_NBBL_NBBL_SEASON_Medipolis SC Jena_Lukas Passarge_14.12.2004;5.0;2.6;2004;13;380.1;154;134;13;17;3;30;30;239;5;0;29.2;11.8;10.3;1.0;1.3;0.2;2.3;2.3;18.4;27.7;14.6;63;99;63.6;2;2;100.0;65;101;64.4;22;38;57.9;111.6;90.7;20.9;3.3;0.2;3.5;2.5;1.3;0.7;2.0;0.2;160.8;12.4;3.3;8.6;0.4;20.8;2.2;0.8;16.3;66.3;65.3;20.3;10.2;21.8;101;33;146.2;0.554;0.640;110.6;89.8;20.7;344.3;0.6;1.3;1.2;31.7;2.5;7.8;5.0;7.8;0.2;0.2;1.7;2.9;26.5;25;14;3;3;1;2;0;0;1;10.1;142.5;11.0;7.7;4.8;7.6;10022;Two-Way Player
20232024;NBBL;NBBL;SEASON;FC Bayern München;Ivan Kharchenkov;20.09.2006;Wing;Pure Creator;FC Bayern;FC Bayern SEASON 23-24;20232024_NBBL_NBBL_SEASON_FC Bayern München_Ivan Kharchenkov_20.09.2006;3.1;1.0;2006;6;159.9;144;41;23;13;8;21;10;139;1;0;26.6;24.0;6.8;3.8;2.2;1.3;3.5;1.7;23.2;51.7;18.5;36;64;56.3;13;46;28.3;49;110;44.5;33;41;80.5;112.4;90.5;22.0;4.7;1.6;6.3;2.4;1.2;0.3;1.6;0.4;96.1;16.0;5.3;14.8;1.1;14.1;4.1;5.4;38.6;57.0;50.5;14.1;3.4;30.0;36;5;134.5;0.507;0.726;114.5;92.1;22.4;248.7;0.6;1.1;1.2;24.9;0.8;6.0;8.2;18.3;2.2;7.7;5.5;6.8;41.5;35;10;8;4;4;4;1;0;5;19.9;107.4;17.9;7.7;6.0;10.7;10031;High Impact Player
20232024;NBBL;NBBL;SEASON;FC Bayern München;Desmond Yiamu;29.09.2006;Forward;Pure Creator;FC Bayern;FC Bayern SEASON 23-24;20232024_NBBL_NBBL_SEASON_FC Bayern München_Desmond Yiamu_29.09.2006;4.7;1.5;2006;16;345.4;190;116;17;27;6;26;49;295;3;0;21.6;11.9;7.3;1.1;1.7;0.4;1.6;3.1;18.4;42.2;13.0;81;108;75.0;0;0;0.0;81;108;75.0;28;36;77.8;135.6;93.2;42.3;4.6;0.8;5.3;3.2;2.6;0.5;3.1;0.4;194.0;12.1;4.1;11.0;0.7;19.3;3.9;1.7;18.0;77.6;75.0;17.3;15.5;25.9;68;48;175.1;0.664;0.671;136.7;94.0;42.7;394.7;1.0;1.6;1.5;23.3;3.0;4.3;5.1;6.8;0.0;0.0;1.8;2.3;24.7;21;16;3;3;3;1;0;0;0;8.1;195.1;12.2;5.8;5.1;6.8;10033;High Impact Player
20222023;NBBL;NBBL;SEASON;FC Bayern München;Amar Licina;12.01.2004;Point;Pure Creator;FC Bayern;FC Bayern SEASON 22-23;20222023_NBBL_NBBL_SEASON_FC Bayern München_Amar Licina_12.01.2004;1.5;1.4;2004;17;445.5;229;43;60;40;4;38;45;225;0;0;26.2;13.5;2.5;3.5;2.4;0.2;2.2;2.6;13.2;31.2;10.7;57;104;54.8;18;62;29.0;75;166;45.2;61;83;73.5;112.9;87.8;25.2;5.7;1.8;7.5;4.8;2.3;1.0;3.3;0.3;152.1;8.9;7.8;23.5;1.6;5.9;4.6;0.9;23.4;57.5;50.6;15.8;3.2;36.7;31;12;229.6;0.521;0.609;118.2;91.8;26.3;420.6;1.1;1.1;1.1;8.7;0.7;1.8;4.4;9.8;1.1;3.6;3.6;4.9;24.7;27;5;9;7;1;3;0;0;3;12.0;180.5;10.6;6.2;3.4;6.1;10034;High Impact Player
20222023;NBBL;NBBL;SEASON;FC Bayern München;Dominik Dolic;30.10.2006;Point;Pure Creator;FC Bayern;FC Bayern SEASON 22-23;20222023_NBBL_NBBL_SEASON_FC Bayern München_Dominik Dolic_30.10.2006;1.6;1.1;2006;17;262.2;113;30;44;23;4;41;35;129;0;0;15.4;6.6;1.8;2.6;1.4;0.2;2.4;2.1;7.6;25.0;5.7;20;40;50.0;20;42;47.6;40;82;48.8;13;15;86.7;100.1;84.9;15.2;0.3;0.4;0.7;1.0;0.7;0.7;1.4;0.2;81.1;4.8;9.9;31.7;1.1;7.0;4.5;1.6;21.5;64.2;61.0;31.6;0.5;15.9;29;1;115.2;0.416;0.654;104.3;88.4;15.8;228.0;0.6;1.3;1.0;13.7;0.1;1.7;2.4;4.8;1.2;2.5;0.8;0.9;13.4;25;4;8;6;1;2;0;0;3;6.8;81.8;4.8;4.0;1.2;2.4;10041;Efficient Shooter
20222023;NBBL;NBBL;SEASON;Team Urspring;Mateo Vidovic;30.06.2004;Wing;Creator;Urspring;Urspring SEASON 22-23;20222023_NBBL_NBBL_SEASON_Team Urspring_Mateo Vidovic_30.06.2004;2.7;2.1;2004;18;532.8;245;71;32;32;6;28;26;271;1;0;29.6;13.6;3.9;1.8;1.8;0.3;1.6;1.4;15.1;30.3;13.5;50;80;62.5;41;87;47.1;91;167;54.5;22;33;66.7;125.1;92.7;32.4;8.6;1.2;9.8;7.0;2.8;0.8;3.6;0.3;194.1;10.8;5.0;14.7;1.1;8.3;3.2;1.2;17.8;68.0;66.8;13.4;4.4;13.2;53;18;208.5;0.534;0.572;134.1;99.4;34.7;426.2;1.1;1.4;1.5;11.9;1.0;2.9;5.1;9.3;2.3;4.8;1.2;1.8;23.7;24;11;5;4;2;4;0;0;7;9.3;208.8;11.6;6.4;2.8;4.4;10042;Efficient Shooter,High Impact Player
20222023;NBBL;NBBL;SEASON;Kickz IBAM;Tin Udovicic;20.08.2005;Point;Pure Creator;IBAM;IBAM SEASON 22-23;20222023_NBBL_NBBL_SEASON_Kickz IBAM_Tin Udovicic_20.08.2005;1.7;1.0;2005;10;349.6;209;63;64;25;1;41;21;216;2;0;35.0;20.9;6.3;6.4;2.5;0.1;4.1;2.1;21.6;34.9;17.7;58;119;48.7;13;42;31.0;71;161;44.1;54;69;78.3;106.5;93.4;13.1;6.1;2.4;8.5;4.5;1.7;0.5;2.2;0.3;149.9;15.0;8.6;25.9;1.6;10.5;3.6;0.3;29.3;55.4;48.1;17.6;2.3;33.5;56;7;219.2;0.491;0.643;109.6;96.1;13.5;391.6;0.6;1.1;1.0;19.1;0.7;5.6;7.1;16.1;1.3;4.2;5.4;6.9;39.2;32;12;10;6;1;5;1;0;4;20.6;161.5;16.2;8.9;5.8;11.9;10054;High Impact Player
20232024;NBBL;NBBL;SEASON;Porsche BBA Ludwigsburg;Moek Icke;17.08.2005;Big;Neutral;Ludwigsburg;Ludwigsburg SEASON 23-24;20232024_NBBL_NBBL_SEASON_Porsche BBA Ludwigsburg_Moek Icke_17.08.2005;5.0;3.6;2005;18;420.4;172;140;18;21;22;26;65;265;4;0;23.4;9.6;7.8;1.0;1.2;1.2;1.4;3.6;14.7;27.2;8.3;67;118;56.8;5;23;21.7;72;141;51.1;23;36;63.9;110.6;87.3;23.3;1.4;0.3;1.7;1.8;1.4;1.1;2.5;0.2;171.8;9.5;3.6;9.6;0.7;18.2;2.5;4.7;17.9;55.3;52.8;14.2;11.9;16.3;94;46;165.0;0.534;0.682;110.1;86.9;23.2;427.0;0.8;1.1;1.2;24.4;2.6;5.2;4.0;7.8;0.3;1.3;1.3;2.0;23.7;18;18;2;4;4;0;0;0;2;8.3;154.3;8.6;6.4;3.7;6.6;10072;Two-Way Player
20222023;NBBL;NBBL A;REGULAR SEASON;Eintracht Frankfurt;Colin Tölke;27.04.2004;Forward;Creator;Frankfurt;Frankfurt REGULAR SEASON 22-23;20222023_NBBL_NBBL A_REGULAR SEASON_Eintracht Frankfurt_Colin Tölke_27.04.2004;4.1;2.3;2004;3;17.5;10;3;1;2;0;1;0;13;0;0;5.8;3.3;1.0;0.3;0.7;0.0;0.3;0.0;4.3;43.1;5.6;2;3;66.7;1;1;100.0;3;4;75.0;3;4;75.0;145.5;87.4;58.1;-4.0;0.2;-3.7;0.1;0.1;0.0;0.2;0.4;9.8;3.3;5.4;14.1;1.0;9.9;5.5;0.0;16.1;89.3;87.5;14.8;0.0;75.0;3;0;8.0;0.661;0.717;142.4;85.5;56.9;18.1;2.0;1.8;1.8;19.8;0.0;1.0;1.0;1.3;0.3;0.3;1.0;1.3;6.0;6;2;1;2;0;0;0;0;1;1.8;10.6;3.5;1.8;0.7;1.0;10096;Two-Way Player
20222023;NBBL;NBBL;SEASON;FC Bayern München;Niko Rimac;23.07.2006;Combo;Creator;FC Bayern;FC Bayern SEASON 22-23;20222023_NBBL_NBBL_SEASON_FC Bayern München_Niko Rimac_23.07.2006;2.2;2.5;2006;8;39.4;16;7;7;2;0;4;6;20;0;0;4.9;2.0;0.9;0.9;0.3;0.0;0.5;0.8;2.5;26.2;1.6;4;8;50.0;1;1;100.0;5;9;55.6;5;9;55.6;113.9;86.4;27.6;-3.5;-0.2;-3.7;0.0;0.2;0.1;0.3;0.3;13.6;1.7;11.8;37.5;1.8;10.8;2.5;0.0;18.0;63.5;61.1;23.6;6.3;55.6;5;2;18.2;0.554;0.556;115.6;87.6;28.0;34.9;0.5;1.3;1.0;15.2;0.3;0.6;0.6;1.1;0.1;0.1;0.6;1.1;4.4;5;4;4;1;0;0;0;0;1;2.0;13.5;1.7;1.1;0.5;1.0;10101;Two-Way Player
20232024;NBBL;NBBL;SEASON;Porsche BBA Ludwigsburg;Lukas Modic;03.07.2005;Wing;Creator;Ludwigsburg;Ludwigsburg SEASON 23-24;20232024_NBBL_NBBL_SEASON_Porsche BBA Ludwigsburg_Lukas Modic_03.07.2005;3.0;2.9;2005;13;356.7;155;80;36;45;11;27;19;219;2;0;27.4;11.9;6.2;2.8;3.5;0.8;2.1;1.5;16.8;33.3;12.7;49;78;62.8;13;53;24.5;62;131;47.3;18;30;60.0;111.2;83.9;27.3;6.3;3.7;10.0;5.2;1.4;1.1;2.5;0.3;169.3;13.0;6.9;20.1;1.3;12.2;6.3;2.8;19.6;54.2;52.3;15.8;10.0;13.7;47;33;156.9;0.514;0.737;112.2;84.7;27.5;390.0;1.7;1.1;1.1;14.4;2.5;3.6;4.8;10.1;1.0;4.1;1.4;2.3;30.0;16;10;5;8;2;0;0;0;3;10.8;163.8;12.6;8.1;3.8;6.0;10108;Two-Way Player,High Impact Player
20232024;NBBL;NBBL;SEASON;SG Junior Löwen Braunschweig;Nikola Tomic;05.01.2005;Forward;Pure Creator;Braunschweig;Braunschweig SEASON 23-24;20232024_NBBL_NBBL_SEASON_SG Junior Löwen Braunschweig_Nikola Tomic_05.01.2005;3.7;1.0;2005;11;383.2;352;120;52;21;18;47;25;332;8;0;34.8;32.0;10.9;4.7;1.9;1.6;4.3;2.3;30.2;50.7;24.1;119;222;53.6;25;88;28.4;144;310;46.5;39;57;68.4;108.7;87.6;21.1;9.8;2.4;12.1;6.4;2.7;1.0;3.7;0.4;226.4;20.6;4.8;13.2;1.1;17.4;2.7;4.4;41.8;52.9;50.5;12.3;8.0;12.6;93;27;340.0;0.507;0.717;109.1;87.9;21.2;605.0;0.4;1.1;1.1;26.6;2.5;8.5;13.1;28.2;2.3;8.0;3.5;5.2;55.0;46;17;10;4;7;10;7;4;5;28.4;245.2;22.3;10.0;10.8;20.2;10110;High Impact Player
20222023;NBBL;NBBL;SEASON;Hamburg Towers;Mika Tangermann;17.09.2005;Forward;Creator;Hamburg;Hamburg SEASON 22-23;20222023_NBBL_NBBL_SEASON_Hamburg Towers_Mika Tangermann_17.09.2005;4.6;2.5;2005;15;314.4;152;67;14;14;9;17;29;179;0;0;21.0;10.1;4.5;0.9;0.9;0.6;1.1;1.9;11.9;28.6;9.6;55;93;59.1;3;17;17.6;58;110;52.7;33;41;80.5;118.3;91.6;26.7;2.8;-0.5;2.3;1.7;1.5;0.5;2.0;0.3;116.6;7.8;3.8;9.4;0.8;11.6;2.1;2.7;18.3;60.1;54.1;11.7;9.3;30.0;40;27;143.4;0.569;0.547;112.9;87.4;25.5;282.4;0.8;1.2;1.3;13.8;1.8;2.7;3.9;7.3;0.2;1.1;2.2;2.7;18.8;17;8;4;4;2;0;0;0;1;8.1;127.4;8.5;4.9;3.7;6.2;10124;Two-Way Player
20222023;NBBL;NBBL A;REGULAR SEASON;Berlin Braves Baskets;Bela Kohoff;17.03.2004;Forward;Creator;Braves Berlin;Braves Berlin REGULAR SEASON 22-23;20222023_NBBL_NBBL A_REGULAR SEASON_Berlin Braves Baskets_Bela Kohoff_17.03.2004;4.5;2.8;2004;2;23.4;15;5;0;0;1;1;2;12;0;0;11.7;7.5;2.5;0.0;0.0;0.5;0.5;1.0;6.0;34.9;6.2;4;7;57.1;1;2;50.0;5;9;55.6;4;8;50.0;118.5;79.6;38.9;-4.0;-0.7;-4.7;-0.3;0.1;0.1;0.2;0.4;8.8;4.4;0.0;0.0;0.0;9.7;0.0;4.0;23.3;61.5;61.1;7.4;11.5;44.4;2;3;12.6;0.593;0.464;121.1;81.3;39.8;22.0;0.0;1.2;1.4;7.9;1.5;1.0;2.5;4.5;0.5;1.0;2.0;4.0;11.0;9;3;0;0;1;0;0;0;1;5.3;10.7;5.4;2.2;2.0;3.5;10146;Two-Way Player
20222023;NBBL;NBBL;SEASON;Alba Berlin;Jamal Entezami;09.06.2004;Wing;Pure Creator;Alba Berlin;Alba Berlin SEASON 22-23;20222023_NBBL_NBBL_SEASON_Alba Berlin_Jamal Entezami_09.06.2004;2.7;1.6;2004;16;330.1;209;77;52;41;5;47;34;263;1;0;20.6;13.1;4.8;3.3;2.6;0.3;2.9;2.1;16.4;36.5;13.3;72;117;61.5;11;30;36.7;83;147;56.5;32;42;76.2;112.3;65.8;46.4;8.2;1.6;9.7;4.9;1.7;2.0;3.6;0.4;179.3;11.2;8.8;23.2;1.1;12.6;5.5;1.7;23.8;63.8;60.2;22.1;6.1;21.8;59;18;196.0;0.530;0.784;102.2;59.9;42.3;424.4;0.9;1.3;1.2;18.7;1.1;3.7;5.2;9.2;0.7;1.9;2.0;2.6;26.5;25;10;9;7;1;3;0;0;3;10.9;185.9;11.6;7.3;4.5;7.3;10156;High Impact Player
20222023;NBBL;NBBL;SEASON;Alba Berlin;Elias José Rapieque;25.02.2004;Wing;Creator;Alba Berlin;Alba Berlin SEASON 22-23;20222023_NBBL_NBBL_SEASON_Alba Berlin_Elias José Rapieque_25.02.2004;2.6;2.2;2004;13;238.3;128;63;46;40;6;31;30;191;1;0;18.3;9.8;4.8;3.5;3.1;0.5;2.4;2.3;14.7;36.3;12.1;38;68;55.9;8;32;25.0;46;100;46.0;28;35;80.0;111.2;57.0;54.2;6.3;3.5;9.8;4.2;1.1;1.8;2.9;0.5;136.9;10.5;10.6;29.3;1.5;13.9;7.6;2.8;22.6;56.1;50.0;21.2;7.0;28.0;48;15;136.7;0.517;0.924;102.1;52.4;49.8;333.6;1.3;1.1;1.0;20.1;1.2;3.7;3.5;7.7;0.6;2.5;2.2;2.7;25.7;20;8;10;7;1;1;0;0;2;9.5;131.9;10.1;7.5;2.9;5.2;10163;High Impact Player,Sixth Man
20222023;NBBL;NBBL;SEASON;Baskets Paderborn;Nicolas Ignacio Marty Decker;28.02.2005;Forward;Pure Creator;Paderborn;Paderborn SEASON 22-23;20222023_NBBL_NBBL_SEASON_Baskets Paderborn_Nicolas Ignacio Marty Decker_28.02.2005;3.3;1.5;2005;16;402.3;226;73;39;27;7;34;39;263;1;0;25.1;14.1;4.6;2.4;1.7;0.4;2.1;2.4;16.4;33.9;11.9;55;83;66.3;19;52;36.5;74;135;54.8;59;73;80.8;121.2;94.9;26.2;4.3;0.5;4.8;3.2;2.4;0.5;2.9;0.3;178.1;11.1;6.6;18.4;1.1;10.6;3.3;1.8;21.2;68.8;61.9;16.9;7.4;43.7;47;26;207.4;0.550;0.580;121.9;95.5;26.4;406.1;0.8;1.4;1.3;13.9;1.6;2.9;4.6;8.4;1.2;3.3;3.7;4.6;25.4;27;11;8;4;2;4;0;0;4;10.7;197.4;12.3;5.9;3.4;5.2;10178;Efficient Shooter,High Impact Player
20222023;NBBL;NBBL;SEASON;Young Rasta Dragons;Sydnee Bijlsma;14.05.2004;Wing;Neutral;Rasta Vechta;Rasta Vechta SEASON 22-23;20222023_NBBL_NBBL_SEASON_Young Rasta Dragons_Sydnee Bijlsma_14.05.2004;2.6;3.0;2004;16;382.6;159;61;24;23;5;33;45;174;0;0;23.9;9.9;3.8;1.5;1.4;0.3;2.1;2.8;10.9;22.4;8.0;48;80;60.0;10;32;31.3;58;112;51.8;33;44;75.0;110.1;82.1;28.0;4.8;1.0;5.8;3.6;1.2;1.2;2.5;0.3;104.8;6.5;5.4;14.1;0.7;8.4;2.9;1.2;16.8;61.3;56.3;20.1;4.4;29.5;45;16;147.7;0.515;0.581;106.6;79.5;27.1;291.2;0.7;1.2;1.2;12.5;1.0;2.8;3.6;7.0;0.6;2.0;2.1;2.8;18.2;16;7;4;4;2;0;0;0;2;8.4;116.4;7.3;5.9;3.0;5.0;10196;Efficient Shooter
20222023;NBBL;NBBL;SEASON;Young Rasta Dragons;Lars Brodisch;08.04.2004;Forward;Neutral;Rasta Vechta;Rasta Vechta SEASON 22-23;20222023_NBBL_NBBL_SEASON_Young Rasta Dragons_Lars Brodisch_08.04.2004;4.2;3.4;2004;20;373.1;141;132;23;15;2;19;27;228;3;0;18.7;7.1;6.6;1.2;0.8;0.1;1.0;1.4;11.4;27.7;8.9;57;97;58.8;2;11;18.2;59;108;54.6;21;38;55.3;120.4;81.6;38.8;6.9;-0.9;6.1;3.7;1.7;1.3;2.9;0.3;165.8;8.3;5.8;15.4;1.2;18.8;1.9;0.5;15.2;57.2;55.6;13.2;15.4;19.4;78;54;149.4;0.594;0.600;116.9;79.2;37.7;348.9;0.8;1.1;1.1;22.2;2.7;3.9;3.0;5.4;0.1;0.6;1.1;1.9;17.4;18;11;3;2;1;0;0;0;1;6.2;146.1;7.3;4.7;2.9;4.9;10197;Two-Way Player
20232024;NBBL;NBBL;SEASON;Young Rasta Dragons;Karl Bühner;23.05.2005;Big;Creator;Rasta Vechta;Rasta Vechta SEASON 23-24;20232024_NBBL_NBBL_SEASON_Young Rasta Dragons_Karl Bühner_23.05.2005;4.8;3.0;2005;21;569.6;266;176;33;50;26;56;51;343;7;0;27.1;12.7;8.4;1.6;2.4;1.2;2.7;2.4;16.3;31.4;12.2;70;133;52.6;30;108;27.8;100;241;41.5;36;47;76.6;103.1;82.4;20.7;5.9;1.2;7.2;5.9;1.7;1.9;3.6;0.3;244.1;11.6;3.7;10.1;0.6;18.4;4.5;4.6;23.5;51.2;47.7;17.6;13.2;14.9;108;68;264.9;0.457;0.737;106.6;85.1;21.4;622.7;0.9;1.0;1.0;24.4;3.2;5.1;4.8;11.5;1.4;5.1;1.7;2.2;29.7;25;16;5;8;4;3;0;0;4;12.2;227.8;10.8;7.8;3.3;6.3;10198;High Impact Player
20222023;NBBL;NBBL;SEASON;Young Rasta Dragons;Johann Grünloh;14.08.2005;Big;Creator;Rasta Vechta;Rasta Vechta SEASON 22-23;20222023_NBBL_NBBL_SEASON_Young Rasta Dragons_Johann Grünloh_14.08.2005;5.0;2.9;2005;15;398.1;174;166;31;16;55;25;38;336;7;0;26.5;11.6;11.1;2.1;1.1;3.7;1.7;2.5;22.4;37.9;15.6;66;112;58.9;5;18;27.8;71;130;54.6;27;49;55.1;122.0;75.0;47.1;10.3;2.9;13.2;7.2;2.2;1.8;3.9;0.4;258.1;17.2;6.3;16.8;1.2;21.8;1.9;12.2;17.4;58.2;56.5;14.2;18.8;20.8;96;70;187.4;0.595;0.782;118.6;72.9;45.7;536.7;0.6;1.2;1.1;24.7;4.7;6.4;4.7;8.7;0.3;1.2;1.8;3.3;35.8;21;18;5;2;10;1;0;0;2;10.2;216.4;14.4;8.7;4.4;7.5;10201;Two-Way Player,High Impact Player
20222023;NBBL;NBBL;SEASON;Alba Berlin;Jannis Berger;26.07.2004;Forward;Creator;Alba Berlin;Alba Berlin SEASON 22-23;20222023_NBBL_NBBL_SEASON_Alba Berlin_Jannis Berger_26.07.2004;3.9;3.0;2004;11;159.3;86;38;8;7;2;11;13;99;0;0;14.5;7.8;3.5;0.7;0.6;0.2;1.0;1.2;9.0;29.2;7.1;35;52;67.3;1;4;25.0;36;56;64.3;13;24;54.2;121.6;76.4;45.3;3.4;-1.8;1.7;1.2;0.8;0.7;1.5;0.4;66.8;6.1;4.2;10.0;0.7;12.6;2.0;1.4;17.9;65.5;65.2;14.2;10.2;23.2;23;15;74.2;0.613;0.568;110.7;69.5;41.2;150.6;0.6;1.3;1.4;14.8;1.4;2.1;3.3;5.1;0.1;0.4;1.2;2.2;13.7;15;6;2;2;2;0;0;0;1;5.5;72.0;6.5;3.7;3.2;4.7;10203;Two-Way Player
20222023;NBBL;NBBL A;REGULAR SEASON;Alba Berlin;Gabriel Krstanovic;21.04.2004;Forward;Receiver;Alba Berlin;Alba Berlin REGULAR SEASON 22-23;20222023_NBBL_NBBL A_REGULAR SEASON_Alba Berlin_Gabriel Krstanovic_21.04.2004;4.7;4.0;2004;4;24.0;7;7;0;3;0;1;5;13;0;0;6.0;1.8;1.8;0.0;0.8;0.0;0.3;1.3;3.3;22.8;2.1;2;4;50.0;0;0;0.0;2;4;50.0;3;4;75.0;125.6;61.2;64.3;-2.8;0.0;-2.8;0.3;0.1;0.2;0.3;0.4;8.0;2.0;0.0;0.0;0.0;15.1;5.8;0.0;10.3;62.5;50.0;14.8;13.0;75.0;4;3;7.0;0.622;0.812;119.1;58.1;61.0;20.4;3.0;1.3;1.3;17.1;0.8;1.0;0.5;1.0;0.0;0.0;0.8;1.0;5.1;6;3;0;2;0;0;0;0;0;1.4;7.9;2.0;2.1;0.5;1.0;10205;Two-Way Player
20222023;NBBL;NBBL;SEASON;Hamburg Towers;Jules Bom;04.06.2004;Combo;Creator;Hamburg;Hamburg SEASON 22-23;20222023_NBBL_NBBL_SEASON_Hamburg Towers_Jules Bom_04.06.2004;2.0;2.6;2004;9;163.6;62;12;11;5;0;11;14;54;0;0;18.2;6.9;1.3;1.2;0.6;0.0;1.2;1.6;6.0;18.2;4.4;13;26;50.0;11;20;55.0;24;46;52.2;3;6;50.0;112.6;97.2;15.4;0.4;-0.8;-0.3;0.5;0.5;0.1;0.6;0.2;33.5;3.7;6.7;17.7;1.0;4.2;1.4;0.0;14.6;64.0;64.1;18.4;3.5;6.5;7;5;55.5;0.476;0.412;107.1;92.5;14.7;91.9;0.5;1.3;1.3;4.8;0.6;0.8;2.7;5.1;1.2;2.2;0.3;0.7;10.2;10;3;5;1;0;0;0;0;3;5.5;39.9;4.4;3.2;1.4;2.9;10215;Efficient Shooter
20222023;NBBL;NBBL;SEASON;Alba Berlin;Rikus Schulte;01.06.2004;Big;Pure Creator;Alba Berlin;Alba Berlin SEASON 22-23;20222023_NBBL_NBBL_SEASON_Alba Berlin_Rikus Schulte_01.06.2004;5.0;1.0;2004;15;310.6;330;117;26;23;14;34;19;381;5;0;20.7;22.0;7.8;1.7;1.5;0.9;2.3;1.3;25.4;59.7;20.8;130;187;69.5;12;36;33.3;142;223;63.7;34;48;70.8;128.0;71.7;56.3;11.3;-2.3;9.1;4.5;3.2;1.6;4.7;0.6;264.8;17.7;3.8;9.1;0.8;20.1;3.3;5.0;33.0;68.1;66.4;12.2;17.7;15.2;66;51;261.7;0.618;0.711;117.4;65.8;51.6;549.4;0.7;1.4;1.6;22.4;3.4;4.4;9.5;14.9;0.8;2.4;2.3;3.2;36.6;33;14;4;9;3;10;2;0;4;13.6;290.0;19.3;6.6;8.7;12.5;10222;Two-Way Player,Efficient Shooter,High Impact Player
20222023;NBBL;NBBL;SEASON;Porsche BBA Ludwigsburg;Luis Nonfon;12.03.2004;Big;Neutral;Ludwigsburg;Ludwigsburg SEASON 22-23;20222023_NBBL_NBBL_SEASON_Porsche BBA Ludwigsburg_Luis Nonfon_12.03.2004;5.0;3.2;2004;5;112.6;47;37;6;4;4;18;14;61;2;0;22.5;9.4;7.4;1.2;0.8;0.8;3.6;2.8;12.2;21.5;8.1;14;23;60.9;4;10;40.0;18;33;54.5;7;11;63.6;89.4;90.4;-1.0;-2.7;0.3;-2.5;0.0;0.1;0.2;0.3;0.1;36.9;7.4;3.8;10.4;0.3;20.6;1.8;3.3;21.6;62.8;60.6;32.2;9.3;21.2;29;8;43.9;0.413;0.667;92.8;93.8;-1.0;98.4;0.2;1.3;1.0;31.1;1.6;5.8;3.6;6.6;0.8;2.0;1.4;2.2;19.7;22;12;3;1;3;1;0;0;2;9.8;31.2;6.2;5.9;2.8;4.6;10225;Efficient Shooter
20222023;NBBL;NBBL;SEASON;BBA Hagen;Finn-Luca Philipp;06.07.2004;Combo;Pure Creator;BBA Hagen;BBA Hagen SEASON 22-23;20222023_NBBL_NBBL_SEASON_BBA Hagen_Finn-Luca Philipp_06.07.2004;2.2;1.0;2004;9;266.2;198;42;28;14;1;19;10;171;2;0;29.6;22.0;4.7;3.1;1.6;0.1;2.1;1.1;19.0;45.0;18.7;42;69;60.9;24;75;32.0;66;144;45.8;42;57;73.7;120.4;94.0;26.4;6.2;0.2;6.5;3.1;2.3;0.3;2.6;0.4;120.1;13.3;4.8;14.3;1.5;9.0;2.8;0.4;31.8;59.4;54.2;10.1;1.8;29.2;38;4;183.1;0.534;0.591;131.8;102.9;28.9;301.4;0.7;1.2;1.3;15.6;0.4;4.2;7.3;16.0;2.7;8.3;4.7;6.3;33.5;29;10;10;3;1;7;0;0;5;16.9;143.1;15.9;6.5;4.7;7.7;10227;High Impact Player
20222023;NBBL;NBBL;SEASON;BBA Hagen;Luka Zajic;05.10.2004;Wing;Pure Creator;BBA Hagen;BBA Hagen SEASON 22-23;20222023_NBBL_NBBL_SEASON_BBA Hagen_Luka Zajic_05.10.2004;2.8;1.4;2004;10;314.3;217;49;15;19;0;32;16;170;0;0;31.4;21.7;4.9;1.5;1.9;0.0;3.2;1.6;17.0;38.4;15.3;67;116;57.8;9;37;24.3;76;153;49.7;56;77;72.7;110.3;95.8;14.5;4.5;-0.6;3.9;2.3;1.9;0.3;2.2;0.3;108.4;10.8;2.4;6.7;0.5;8.8;3.2;0.0;31.2;59.0;52.6;14.6;6.4;36.6;32;17;199.1;0.530;0.558;119.9;104.1;15.8;304.3;0.6;1.2;1.2;11.0;1.7;3.2;7.6;15.3;0.9;3.7;5.6;7.7;30.4;38;9;4;5;0;6;2;0;3;18.0;144.5;14.5;6.6;6.7;11.6;10228;High Impact Player
20222023;NBBL;NBBL;SEASON;BBA Hagen;Ben Jürgens;26.03.2004;Big;Creator;BBA Hagen;BBA Hagen SEASON 22-23;20222023_NBBL_NBBL_SEASON_BBA Hagen_Ben Jürgens_26.03.2004;5.0;2.7;2004;12;365.9;167;124;15;10;30;16;25;253;7;1;30.5;13.9;10.3;1.3;0.8;2.5;1.3;2.1;21.1;37.4;16.4;50;87;57.5;13;41;31.7;63;128;49.2;28;40;70.0;121.9;90.9;31.0;6.4;0.9;7.2;4.0;2.2;0.7;2.9;0.3;186.8;15.6;3.2;9.0;0.9;19.0;1.5;8.9;20.1;58.0;54.3;9.9;14.6;21.9;79;45;171.6;0.567;0.694;133.0;99.2;33.9;402.3;0.6;1.2;1.2;22.9;3.8;6.6;5.3;10.7;1.1;3.4;2.3;3.3;33.5;24;17;4;2;10;3;0;0;3;11.7;168.5;14.0;7.9;4.2;7.3;10235;High Impact Player
20222023;NBBL;NBBL;SEASON;Baskets Juniors Oldenburg;Gasper Kocevar;25.01.2004;Forward;Pure Creator;Oldenburg;Oldenburg SEASON 22-23;20222023_NBBL_NBBL_SEASON_Baskets Juniors Oldenburg_Gasper Kocevar_25.01.2004;4.6;1.8;2004;15;423.7;227;127;38;20;21;32;19;298;5;0;28.2;15.1;8.5;2.5;1.3;1.4;2.1;1.3;19.9;37.8;16.1;76;137;55.5;5;26;19.2;81;163;49.7;60;81;74.1;115.9;91.1;24.8;7.9;0.9;8.9;5.3;2.4;0.8;3.2;0.3;217.6;14.5;5.6;15.8;1.2;17.9;2.4;5.3;22.7;58.1;51.2;13.9;11.0;36.8;85;42;228.7;0.565;0.626;119.2;93.7;25.5;486.4;0.6;1.2;1.2;26.2;2.8;5.7;5.4;10.9;0.3;1.7;4.0;5.4;32.4;24;13;6;5;4;3;0;0;2;13.2;213.5;14.2;7.0;5.1;9.1;10239;High Impact Player
20222023;NBBL;NBBL;SEASON;Metropol Baskets Ruhr;Fynn Lastring;11.05.2007;Big;Creator;Metropol Ruhr;Metropol Ruhr SEASON 22-23;20222023_NBBL_NBBL_SEASON_Metropol Baskets Ruhr_Fynn Lastring_11.05.2007;4.9;3.0;2007;13;324.5;132;117;19;10;10;21;17;205;3;0;25.0;10.2;9.0;1.5;0.8;0.8;1.6;1.3;15.8;27.0;14.2;34;62;54.8;14;43;32.6;48;105;45.7;22;27;81.5;113.0;84.0;29.0;5.2;0.9;6.1;3.3;1.2;0.9;2.1;0.3;147.4;11.3;5.1;13.3;0.9;18.8;1.5;3.0;17.0;57.0;52.4;15.2;9.4;21.0;89;28;126.0;0.504;0.679;110.3;82.0;28.3;319.9;0.5;1.1;1.2;27.4;2.2;6.8;3.7;8.1;1.1;3.3;1.7;2.1;24.6;19;16;5;2;3;0;0;0;4;8.6;124.5;9.6;7.1;2.6;4.8;10269;Two-Way Player
20232024;NBBL;NBBL;SEASON;Metropol Baskets Ruhr;Benedict Baumgarth;06.02.2006;Forward;Creator;Metropol Ruhr;Metropol Ruhr SEASON 23-24;20232024_NBBL_NBBL_SEASON_Metropol Baskets Ruhr_Benedict Baumgarth_06.02.2006;4.7;2.5;2006;15;386.8;189;124;36;20;27;34;35;272;6;0;25.8;12.6;8.3;2.4;1.3;1.8;2.3;2.3;18.1;32.0;12.4;77;116;66.4;4;26;15.4;81;142;57.0;23;52;44.2;108.2;85.4;22.8;5.3;1.3;6.6;4.0;1.4;1.1;2.4;0.3;197.5;13.2;6.6;17.3;1.1;17.0;2.4;6.4;20.3;58.0;58.5;17.1;11.4;16.2;84;40;185.3;0.540;0.671;101.6;80.2;21.4;451.8;0.6;1.2;1.1;22.1;2.7;5.6;5.4;9.5;0.3;1.7;1.5;3.5;30.1;20;15;6;4;5;1;0;0;1;11.4;179.7;12.0;7.4;5.1;7.7;10270;High Impact Player
20232024;NBBL;NBBL;SEASON;Metropol Baskets Ruhr;Henning Gustrau;09.12.2005;Big;Pure Creator;Metropol Ruhr;Metropol Ruhr SEASON 23-24;20232024_NBBL_NBBL_SEASON_Metropol Baskets Ruhr_Henning Gustrau_09.12.2005;5.0;1.6;2005;14;322.1;218;129;34;16;12;28;36;289;7;0;23.0;15.6;9.2;2.4;1.1;0.9;2.0;2.6;20.6;42.4;14.4;93;150;62.0;0;15;0.0;93;165;56.4;32;52;61.5;117.1;84.9;32.2;5.1;-1.0;4.1;2.5;2.1;0.9;3.0;0.4;200.0;14.3;5.7;15.1;1.2;21.2;2.4;3.4;26.7;58.7;56.4;13.0;17.3;19.4;79;50;212.8;0.586;0.675;111.8;81.0;30.8;451.8;0.6;1.2;1.2;24.7;3.6;5.6;6.6;11.8;0.0;1.1;2.3;3.7;32.3;27;16;4;4;4;5;0;0;0;13.0;196.2;14.0;6.6;6.6;10.7;10271;Two-Way Player,High Impact Player
20222023;NBBL;NBBL B;REGULAR SEASON;Baskets Juniors Oldenburg;Kyryll Kapinos;14.04.2004;Wing;Pure Creator;Oldenburg;Oldenburg REGULAR SEASON 22-23;20222023_NBBL_NBBL B_REGULAR SEASON_Baskets Juniors Oldenburg_Kyryll Kapinos_14.04.2004;2.6;1.4;2004;12;226.8;209;34;11;16;2;20;24;144;0;0;18.9;17.4;2.8;0.9;1.3;0.2;1.7;2.0;12.0;42.4;9.3;57;105;54.3;22;73;30.1;79;178;44.4;29;38;76.3;110.8;86.9;23.8;0.7;-3.4;-2.8;-0.4;1.6;0.6;2.1;0.4;86.5;7.2;2.0;5.0;0.6;8.3;3.5;0.9;37.8;54.1;50.6;9.3;4.9;16.3;23;11;174.8;0.498;0.572;111.5;87.5;24.0;282.3;0.8;1.1;1.3;12.2;0.9;1.9;6.6;14.8;1.8;6.1;2.4;3.2;23.5;30;9;2;5;1;5;2;0;3;13.1;122.5;10.2;4.4;4.8;8.8;10284;Two-Way Player
20232024;NBBL;NBBL;SEASON;Young Rasta Dragons;Linus Trettin;16.05.2005;Forward;Pure Creator;Rasta Vechta;Rasta Vechta SEASON 23-24;20232024_NBBL_NBBL_SEASON_Young Rasta Dragons_Linus Trettin_16.05.2005;3.4;1.3;2005;16;398.8;211;98;39;25;6;37;33;253;2;0;24.9;13.2;6.1;2.4;1.6;0.4;2.3;2.1;15.8;35.3;13.3;52;89;58.4;17;53;32.1;69;142;48.6;56;72;77.8;119.0;87.3;31.7;7.0;0.5;7.5;4.4;2.4;1.0;3.4;0.3;176.0;11.0;6.1;17.6;1.1;14.7;3.2;1.6;22.2;61.8;54.6;17.6;9.7;39.4;64;34;211.7;0.541;0.614;123.2;90.4;32.8;412.1;0.7;1.2;1.2;20.3;2.1;4.0;4.3;8.9;1.1;3.3;3.5;4.5;25.8;28;12;6;4;2;3;0;0;3;11.1;182.1;11.4;6.0;3.3;5.6;10285;High Impact Player
20222023;NBBL;NBBL;SEASON;ROTH Energie BBA Giessen 46ers;Finn Döntgens;14.01.2004;Big;Pure Creator;Giessen;Giessen SEASON 22-23;20222023_NBBL_NBBL_SEASON_ROTH Energie BBA Giessen 46ers_Finn Döntgens_14.01.2004;4.9;1.7;2004;15;395.3;206;146;26;17;8;33;31;314;5;0;26.4;13.7;9.7;1.7;1.1;0.5;2.2;2.1;20.9;39.1;16.4;90;128;70.3;0;1;0.0;90;129;69.8;26;43;60.5;126.7;89.5;37.2;8.8;0.2;9.0;5.2;2.6;0.8;3.4;0.3;221.4;14.8;5.1;13.9;0.8;20.9;2.1;2.1;18.3;70.5;69.8;18.2;18.1;20.2;81;65;198.8;0.634;0.611;127.7;90.2;37.5;437.2;0.5;1.4;1.3;23.9;4.3;5.4;6.0;8.6;0.0;0.1;1.7;2.9;29.1;29;19;6;3;1;3;0;0;0;10.5;210.1;14.0;6.5;6.0;8.5;10318;High Impact Player
20222023;NBBL;NBBL B;REGULAR SEASON;Team Südhessen;Tom Metzelthin;12.12.2004;Wing;Pure Creator;Südhessen;Südhessen REGULAR SEASON 22-23;20222023_NBBL_NBBL B_REGULAR SEASON_Team Südhessen_Tom Metzelthin_12.12.2004;3.1;2.0;2004;14;401.2;209;117;45;44;2;39;41;254;4;0;28.7;14.9;8.4;3.2;3.1;0.1;2.8;2.9;18.1;34.3;13.9;80;150;53.3;6;35;17.1;86;185;46.5;31;56;55.4;103.5;81.3;22.2;5.8;1.5;7.3;6.9;1.5;1.4;2.9;0.3;180.8;12.9;6.2;17.3;1.2;15.5;5.4;0.4;25.7;50.4;48.1;15.7;13.0;16.8;68;49;220.5;0.509;0.735;104.0;81.7;22.3;469.9;1.1;1.0;1.0;17.9;3.5;4.9;6.1;13.2;0.4;2.5;2.2;4.0;33.6;21;14;6;6;1;2;0;0;2;15.2;180.1;12.9;8.6;5.7;10.7;10330;High Impact Player
20222023;NBBL;NBBL B;REGULAR SEASON;Team Südhessen;Leo Cosic;23.10.2004;Forward;Pure Creator;Südhessen;Südhessen REGULAR SEASON 22-23;20222023_NBBL_NBBL B_REGULAR SEASON_Team Südhessen_Leo Cosic_23.10.2004;3.5;1.9;2004;13;371.0;200;108;31;36;11;44;38;242;5;0;28.5;15.4;8.3;2.4;2.8;0.8;3.4;2.9;18.6;35.2;14.0;68;124;54.8;10;30;33.3;78;154;50.6;34;58;58.6;104.6;81.8;22.9;5.7;1.4;7.0;6.4;1.4;1.3;2.7;0.3;169.8;13.1;4.9;13.4;0.7;15.4;4.8;2.7;25.0;56.4;53.9;19.7;12.8;22.1;64;44;200.4;0.507;0.733;106.1;82.9;23.2;426.1;0.8;1.1;1.0;18.0;3.4;4.9;6.0;11.8;0.8;2.3;2.6;4.5;32.8;27;15;4;5;4;2;0;0;2;14.7;170.0;13.1;8.5;5.2;9.5;10331;High Impact Player
20222023;NBBL;NBBL B;REGULAR SEASON;Team Südhessen;Tobias Holbach;07.09.2005;Big;Creator;Südhessen;Südhessen REGULAR SEASON 22-23;20222023_NBBL_NBBL B_REGULAR SEASON_Team Südhessen_Tobias Holbach_07.09.2005;5.0;2.2;2005;14;407.1;183;136;27;24;42;43;26;304;4;0;29.1;13.1;9.7;1.9;1.7;3.0;3.1;1.9;21.7;35.5;17.4;73;113;64.6;0;11;0.0;73;124;58.9;37;51;72.5;109.6;80.2;29.4;6.0;2.6;8.6;7.9;1.6;1.5;3.1;0.3;220.6;15.8;5.1;13.7;0.6;17.7;2.9;9.3;19.2;63.4;58.9;22.7;11.2;29.8;93;43;182.5;0.543;0.759;110.2;80.6;29.5;475.7;0.6;1.3;1.1;24.2;3.1;6.6;5.2;8.9;0.0;0.8;2.6;3.6;34.0;28;20;5;3;7;3;0;0;0;11.9;196.7;14.1;9.0;5.2;8.1;10333;Two-Way Player,High Impact Player
20222023;NBBL;NBBL;SEASON;USC Heidelberg;Julian Rothmann;16.03.2005;Combo;Pure Creator;Heidelberg;Heidelberg SEASON 22-23;20222023_NBBL_NBBL_SEASON_USC Heidelberg_Julian Rothmann_16.03.2005;1.8;1.0;2005;12;372.3;290;64;37;52;1;49;35;248;1;0;31.0;24.2;5.3;3.1;4.3;0.1;4.1;2.9;20.7;41.6;17.0;118;219;53.9;2;24;8.3;120;243;49.4;48;72;66.7;101.4;82.9;18.6;5.0;2.9;7.9;4.5;1.6;1.1;2.8;0.3;159.3;13.3;4.3;11.1;0.8;9.2;6.7;0.2;35.7;53.3;49.8;15.1;7.7;19.8;36;28;274.4;0.503;0.712;99.8;81.6;18.3;479.3;1.1;1.1;1.1;10.9;2.3;3.0;10.0;20.3;0.2;2.0;4.0;6.0;39.9;33;11;6;7;1;8;3;0;1;22.5;204.3;17.0;9.2;9.8;18.3;10340;High Impact Player
20222023;NBBL;NBBL;SEASON;Team Bonn/Rhöndorf;Janne Lasse Müller;31.08.2006;Wing;Pure Creator;Bonn-Rhöndorf;Bonn-Rhöndorf SEASON 22-23;20222023_NBBL_NBBL_SEASON_Team Bonn/Rhöndorf_Janne Lasse Müller_31.08.2006;2.7;1.0;2006;16;479.8;416;101;45;25;4;62;27;335;1;0;30.0;26.0;6.3;2.8;1.6;0.3;3.9;1.7;20.9;40.5;22.7;99;217;45.6;35;96;36.5;134;313;42.8;113;128;88.3;107.3;88.7;18.6;7.7;-0.1;7.5;5.2;2.9;1.0;3.9;0.3;210.3;13.1;4.0;10.1;0.7;11.3;2.5;0.7;36.7;57.1;48.4;14.4;2.4;36.1;90;11;379.3;0.476;0.592;104.8;86.7;18.1;600.7;0.4;1.1;1.2;20.3;0.7;5.6;8.4;19.6;2.2;6.0;7.1;8.0;37.5;45;10;7;6;2;13;3;1;4;22.1;265.7;16.6;7.4;6.2;13.6;10351;High Impact Player
20232024;NBBL;NBBL B;REGULAR SEASON;RheinStars Köln;Kenan Reinhart;04.05.2007;Wing;Creator;RS Köln;RS Köln REGULAR SEASON 23-24;20232024_NBBL_NBBL B_REGULAR SEASON_RheinStars Köln_Kenan Reinhart_04.05.2007;2.9;2.0;2007;9;290.3;218;61;19;16;1;25;28;164;1;0;32.3;24.2;6.8;2.1;1.8;0.1;2.8;3.1;18.2;35.3;15.0;44;108;40.7;25;75;33.3;69;183;37.7;55;67;82.1;108.4;87.8;20.6;5.7;-0.2;5.5;4.4;1.7;0.7;2.3;0.3;101.4;11.3;2.9;7.8;0.8;11.6;2.8;0.3;34.7;52.0;44.5;10.5;4.4;30.1;49;12;196.3;0.474;0.653;112.5;91.1;21.4;328.7;0.6;1.0;1.2;19.1;1.3;5.4;7.7;20.3;2.8;8.3;6.1;7.4;36.5;39;12;4;4;1;5;3;0;7;20.1;129.6;14.4;8.2;4.9;12.0;10363;High Impact Player
20222023;NBBL;NBBL;SEASON;SG Junior Löwen Braunschweig;Jamaal Phatty;13.03.2005;Forward;Pure Creator;Braunschweig;Braunschweig SEASON 22-23;20222023_NBBL_NBBL_SEASON_SG Junior Löwen Braunschweig_Jamaal Phatty_13.03.2005;3.4;1.2;2005;11;331.8;285;72;19;28;10;28;24;216;4;0;30.2;25.9;6.5;1.7;2.5;0.9;2.5;2.2;19.6;46.1;14.8;122;217;56.2;4;25;16.0;126;242;52.1;29;83;34.9;107.7;96.8;10.9;4.1;0.5;4.6;2.7;2.1;0.3;2.4;0.3;148.9;13.5;2.4;6.1;0.7;12.2;4.1;2.7;37.5;51.8;52.9;9.1;7.6;12.0;50;22;264.3;0.546;0.651;107.4;96.5;10.9;447.9;1.0;1.0;1.2;16.7;2.0;4.5;11.5;22.0;0.4;2.3;2.6;7.5;40.7;42;12;6;4;3;8;4;1;1;22.3;185.5;16.9;8.1;11.1;19.7;10384;High Impact Player
20222023;NBBL;NBBL;SEASON;SG Junior Löwen Braunschweig;Nils Pfannenschmidt;06.01.2006;Wing;Receiver;Braunschweig;Braunschweig SEASON 22-23;20222023_NBBL_NBBL_SEASON_SG Junior Löwen Braunschweig_Nils Pfannenschmidt_06.01.2006;2.7;4.3;2006;10;83.7;5;13;5;0;0;2;6;14;0;0;8.4;0.5;1.3;0.5;0.0;0.0;0.2;0.6;1.4;5.5;0.5;2;5;40.0;0;3;0.0;2;8;25.0;1;2;50.0;92.4;107.0;-14.6;-2.1;-0.1;-2.2;0.2;0.0;-0.1;0.0;0.0;9.5;1.0;12.8;41.8;2.5;8.6;0.0;0.0;5.3;28.4;25.0;18.4;8.2;12.5;7;6;9.8;0.457;0.361;92.8;107.5;-14.7;26.1;0.0;0.6;0.5;8.9;0.6;0.7;0.2;0.8;0.0;0.3;0.1;0.2;2.6;3;4;2;0;0;0;0;0;0;1.1;5.2;0.5;1.2;0.2;0.5;10389;Floor General
20222023;NBBL;NBBL B;REGULAR SEASON;Dresden Titans;Ludwig Hassler;11.07.2005;Forward;Pure Creator;Dresden;Dresden REGULAR SEASON 22-23;20222023_NBBL_NBBL B_REGULAR SEASON_Dresden Titans_Ludwig Hassler_11.07.2005;3.4;1.0;2005;11;325.0;181;86;26;14;3;29;28;222;3;0;29.5;16.5;7.8;2.4;1.3;0.3;2.6;2.5;20.2;36.9;16.4;41;68;60.3;13;38;34.2;54;106;50.9;60;67;89.6;128.0;96.0;32.0;4.4;1.3;5.7;5.0;2.5;0.3;2.8;0.3;147.1;13.4;5.5;15.1;0.9;15.6;2.1;0.9;21.4;68.1;57.1;17.6;9.6;56.6;61;25;182.3;0.571;0.626;130.8;98.0;32.7;328.2;0.5;1.4;1.3;21.0;2.3;5.5;4.9;9.6;1.2;3.5;5.5;6.1;29.8;29;14;5;3;1;3;0;0;4;13.0;155.5;14.1;7.4;3.7;6.2;10392;Efficient Shooter,High Impact Player
20222023;NBBL;NBBL;SEASON;Basketball Löwen Erfurt;Friedrich Radefeld;16.08.2004;Forward;Creator;Löwen Erfurt;Löwen Erfurt SEASON 22-23;20222023_NBBL_NBBL_SEASON_Basketball Löwen Erfurt_Friedrich Radefeld_16.08.2004;3.8;2.2;2004;14;337.4;151;56;17;23;15;31;32;192;0;0;24.1;10.8;4.0;1.2;1.6;1.1;2.2;2.3;13.7;28.9;10.2;50;65;76.9;10;27;37.0;60;92;65.2;21;28;75.0;118.2;87.4;30.7;4.6;0.8;5.4;3.1;1.5;0.8;2.3;0.3;126.8;9.1;4.8;12.2;0.5;9.6;3.2;4.4;16.4;73.2;70.7;22.9;7.2;22.8;35;21;141.7;0.551;0.594;113.2;83.8;29.5;288.7;0.7;1.5;1.3;12.0;1.5;2.5;4.3;6.6;0.7;1.9;1.5;2.0;20.6;19;7;4;5;4;0;0;0;2;8.6;134.6;9.6;6.1;3.6;4.6;10404;Two-Way Player
20222023;NBBL;NBBL;SEASON;Sartorius Juniors;Janis Jünemann;03.06.2005;Big;Creator;Göttingen;Göttingen SEASON 22-23;20222023_NBBL_NBBL_SEASON_Sartorius Juniors_Janis Jünemann_03.06.2005;5.0;2.0;2005;14;378.9;203;149;21;19;10;42;40;292;7;0;27.1;14.5;10.6;1.5;1.4;0.7;3.0;2.9;20.9;39.8;15.8;76;119;63.9;4;13;30.8;80;132;60.6;39;55;70.9;117.5;88.6;29.0;5.3;0.7;5.9;3.6;2.4;0.8;3.2;0.3;196.4;14.0;3.6;10.3;0.5;22.8;2.7;2.7;22.5;65.9;62.1;21.2;16.3;29.5;96;53;203.0;0.570;0.715;127.1;95.8;31.4;429.3;0.5;1.3;1.2;29.3;3.8;6.9;5.7;9.4;0.3;0.9;2.8;3.9;30.7;25;17;4;5;2;4;0;0;2;12.3;184.8;13.2;7.3;5.4;8.5;10425;High Impact Player
20222023;NBBL;NBBL;SEASON;Sartorius Juniors;Erik Larsen;02.09.2005;Combo;Creator;Göttingen;Göttingen SEASON 22-23;20222023_NBBL_NBBL_SEASON_Sartorius Juniors_Erik Larsen_02.09.2005;2.4;2.8;2005;15;342.2;134;33;17;13;2;22;36;130;0;0;22.8;8.9;2.2;1.1;0.9;0.1;1.5;2.4;8.7;22.7;5.8;21;30;70.0;30;68;44.1;51;98;52.0;2;2;100.0;123.9;98.8;25.0;3.3;0.3;3.6;2.4;1.6;0.2;1.7;0.2;78.8;5.3;4.7;13.7;0.8;5.6;2.0;0.6;15.4;67.8;67.3;18.2;3.1;2.0;24;9;118.6;0.487;0.487;133.7;106.7;27.0;207.1;0.6;1.4;1.4;8.1;0.6;1.6;3.4;6.5;2.0;4.5;0.1;0.1;13.8;22;7;3;4;1;1;0;0;4;6.4;89.2;5.9;4.2;1.4;2.0;10431;Efficient Shooter
20222023;NBBL;NBBL;SEASON;Niners Chemnitz Academy;Nick Lasch;23.02.2004;Forward;Creator;Chemnitz;Chemnitz SEASON 22-23;20222023_NBBL_NBBL_SEASON_Niners Chemnitz Academy_Nick Lasch_23.02.2004;4.5;2.1;2004;15;437.5;245;109;22;13;8;43;26;239;5;0;29.2;16.3;7.3;1.5;0.9;0.5;2.9;1.7;15.9;30.9;11.3;79;121;65.3;15;32;46.9;94;153;61.4;42;98;42.9;110.0;98.9;11.0;4.2;-0.2;4.0;3.0;1.9;0.2;2.1;0.2;170.0;11.3;3.5;8.9;0.5;13.3;1.4;1.5;22.3;63.7;66.3;18.0;7.7;27.5;78;31;229.1;0.538;0.540;106.9;96.2;10.7;407.8;0.3;1.3;1.2;18.7;2.1;5.2;6.3;10.2;1.0;2.1;2.8;6.5;27.2;35;12;4;3;2;2;1;0;4;13.9;178.8;11.9;6.6;5.3;8.1;10434;Efficient Shooter
20232024;NBBL;NBBL;SEASON;Niners Chemnitz Academy;Luca Kellig;27.02.2006;Wing;Pure Creator;Chemnitz;Chemnitz SEASON 23-24;20232024_NBBL_NBBL_SEASON_Niners Chemnitz Academy_Luca Kellig_27.02.2006;2.5;1.2;2006;15;451.1;324;54;25;21;2;54;38;240;1;0;30.1;21.6;3.6;1.7;1.4;0.1;3.6;2.5;16.0;35.9;12.2;87;137;63.5;30;96;31.3;117;233;50.2;60;76;78.9;108.9;110.1;-1.2;2.0;-0.9;1.2;1.6;2.5;-0.6;1.9;0.2;140.0;9.3;2.8;7.6;0.5;7.3;2.4;0.4;32.5;61.5;56.7;16.8;4.4;25.8;39;15;290.1;0.493;0.483;114.9;116.2;-1.3;418.3;0.4;1.2;1.2;9.7;1.0;2.6;7.8;15.5;2.0;6.4;4.0;5.1;27.9;34;11;4;2;1;11;1;0;4;17.8;194.2;12.9;5.6;5.8;9.1;10436;Efficient Shooter
20222023;NBBL;NBBL;SEASON;Basketball Löwen Erfurt;Tim Herzog;29.10.2004;Forward;Pure Creator;Löwen Erfurt;Löwen Erfurt SEASON 22-23;20222023_NBBL_NBBL_SEASON_Basketball Löwen Erfurt_Tim Herzog_29.10.2004;4.3;1.0;2004;12;259.5;189;84;21;36;7;22;44;246;3;0;21.6;15.8;7.0;1.8;3.0;0.6;1.8;3.7;20.5;49.0;15.2;73;118;61.9;5;17;29.4;78;135;57.8;28;40;70.0;121.3;76.0;45.2;4.2;0.9;5.2;2.6;2.0;1.1;3.1;0.5;164.5;13.7;4.6;11.7;1.0;18.9;6.5;2.7;27.2;62.6;59.6;12.6;15.8;20.7;49;35;182.6;0.589;0.830;115.8;72.6;43.2;385.3;1.6;1.3;1.3;21.9;2.9;4.1;6.5;11.3;0.4;1.4;2.3;3.3;32.1;21;13;4;10;2;3;0;0;2;12.6;176.1;14.7;7.7;6.1;9.8;10443;Two-Way Player,High Impact Player
20222023;NBBL;NBBL;SEASON;Basketball Löwen Erfurt;Dominykas Pleta;06.10.2004;Big;Pure Creator;Löwen Erfurt;Löwen Erfurt SEASON 22-23;20222023_NBBL_NBBL_SEASON_Basketball Löwen Erfurt_Dominykas Pleta_06.10.2004;4.9;1.3;2004;7;137.2;113;50;7;8;5;25;12;115;1;0;19.6;16.1;7.1;1.0;1.1;0.7;3.6;1.7;16.4;44.5;13.7;44;66;66.7;3;9;33.3;47;75;62.7;16;31;51.6;105.8;80.7;25.2;-0.3;-2.0;-2.4;0.0;0.7;0.5;1.2;0.4;76.6;10.9;2.5;6.0;0.3;22.4;2.7;3.5;33.8;64.6;64.7;22.0;19.2;21.3;30;20;102.8;0.527;0.673;101.5;77.4;24.2;184.5;0.3;1.3;1.2;25.3;2.9;4.3;6.7;10.7;0.4;1.3;2.3;4.4;26.4;35;10;2;3;2;1;1;0;2;13.9;82.9;11.8;5.6;6.3;9.4;10444;High Impact Player
20232024;NBBL;NBBL;SEASON;Niners Chemnitz Academy;Lennard Glowka;10.02.2006;Combo;Pure Creator;Chemnitz;Chemnitz SEASON 23-24;20232024_NBBL_NBBL_SEASON_Niners Chemnitz Academy_Lennard Glowka_10.02.2006;2.1;1.0;2006;12;350.3;210;32;34;16;5;40;31;165;0;0;29.2;17.5;2.7;2.8;1.3;0.4;3.3;2.6;13.8;31.9;10.1;43;79;54.4;25;62;40.3;68;141;48.2;49;68;72.1;110.4;111.0;-0.7;1.9;-0.2;1.7;1.6;1.8;-0.5;1.3;0.1;104.5;8.7;5.3;15.4;0.9;5.4;2.4;1.2;27.5;62.4;57.1;19.0;3.3;34.8;23;9;200.6;0.493;0.465;116.6;117.3;-0.7;301.4;0.4;1.2;1.2;7.2;0.8;1.9;5.7;11.8;2.1;5.2;4.1;5.7;25.1;31;7;9;3;1;6;1;0;5;15.1;135.0;11.3;5.2;3.6;6.6;10449;Efficient Shooter
20222023;NBBL;NBBL B;REGULAR SEASON;Niners Chemnitz Academy;Moritz Möckel;29.06.2005;Point;Creator;Chemnitz;Chemnitz REGULAR SEASON 22-23;20222023_NBBL_NBBL B_REGULAR SEASON_Niners Chemnitz Academy_Moritz Möckel_29.06.2005;1.0;2.9;2005;3;32.1;15;1;4;3;0;1;0;16;0;0;10.7;5.0;0.3;1.3;1.0;0.0;0.3;0.0;5.3;34.9;5.4;4;6;66.7;2;5;40.0;6;11;54.5;1;2;50.0;141.0;79.4;61.6;-2.5;0.2;-2.3;0.4;0.2;0.1;0.4;0.5;13.0;4.3;9.5;29.1;4.0;1.7;4.6;0.0;16.3;63.6;63.6;7.8;3.5;9.1;0;1;15.1;0.623;0.535;143.5;80.7;62.7;27.2;3.0;1.3;1.4;0.0;0.3;0.0;2.0;3.7;0.7;1.7;0.3;0.7;9.1;8;1;4;1;0;0;0;0;2;3.6;14.8;4.9;2.3;1.3;2.0;10452;Two-Way Player
20222023;NBBL;NBBL;SEASON;TS Jahn München;Mateo Jukic;06.08.2004;Wing;Pure Creator;Jahn München;Jahn München SEASON 22-23;20222023_NBBL_NBBL_SEASON_TS Jahn München_Mateo Jukic_06.08.2004;3.2;1.0;2004;15;429.3;269;120;49;54;17;50;28;306;5;0;28.6;17.9;8.0;3.3;3.6;1.1;3.3;1.9;20.4;38.3;18.0;67;120;55.8;31;111;27.9;98;231;42.4;42;62;67.7;99.0;74.2;24.8;7.2;4.1;11.4;6.6;1.3;2.0;3.3;0.3;225.3;15.0;5.6;15.3;1.0;14.6;6.2;4.0;29.9;52.6;49.1;16.2;6.3;18.2;93;27;255.0;0.443;0.873;99.3;74.4;24.8;578.5;1.1;1.1;1.0;23.6;1.8;6.2;6.5;15.4;2.1;7.4;2.8;4.1;38.6;35;15;8;7;4;6;1;0;5;17.2;224.3;15.0;10.2;4.5;8.0;10460;High Impact Player
20232024;NBBL;NBBL B;REGULAR SEASON;ratiopharm Ulm;Barna Gergö Buglyo;27.03.2006;Forward;Creator;ratiopharm Ulm;ratiopharm Ulm REGULAR SEASON 23-24;20232024_NBBL_NBBL B_REGULAR SEASON_ratiopharm Ulm_Barna Gergö Buglyo_27.03.2006;3.3;2.9;2006;11;237.3;107;54;18;14;3;17;18;126;0;0;21.6;9.7;4.9;1.6;1.3;0.3;1.5;1.6;11.5;28.2;8.4;32;55;58.2;10;28;35.7;42;83;50.6;13;25;52.0;111.0;85.2;25.8;3.6;-0.1;3.6;3.1;0.9;0.7;1.6;0.3;87.9;8.0;5.6;15.6;1.1;12.7;3.0;1.3;19.3;57.5;56.6;15.3;5.5;15.7;42;12;99.8;0.518;0.627;112.0;86.0;26.0;215.8;0.8;1.2;1.2;20.1;1.1;3.8;3.8;7.5;0.9;2.5;1.2;2.3;19.6;30;12;6;3;1;1;1;0;4;8.2;86.4;7.9;5.4;2.9;5.0;10471;Two-Way Player
20222023;NBBL;NBBL;SEASON;Würzburg Baskets Akademie;Emanuel Weymar;09.05.2004;Combo;Pure Creator;Würzburg;Würzburg SEASON 22-23;20222023_NBBL_NBBL_SEASON_Würzburg Baskets Akademie_Emanuel Weymar_09.05.2004;1.9;1.2;2004;15;421.4;174;76;64;20;2;33;25;223;0;0;28.1;11.6;5.1;4.3;1.3;0.1;2.2;1.7;14.9;27.6;13.7;35;61;57.4;26;71;36.6;61;132;46.2;26;35;74.3;115.4;86.6;28.7;5.8;1.4;7.2;4.5;1.8;1.1;2.9;0.3;163.4;10.9;10.5;32.9;1.9;9.1;2.4;0.4;17.6;59.6;56.1;18.3;3.8;19.7;60;16;179.0;0.498;0.589;117.3;88.1;29.2;372.2;0.6;1.2;1.1;14.6;1.1;4.0;4.1;8.8;1.7;4.7;1.7;2.3;24.8;24;9;8;4;1;2;0;0;5;10.3;154.8;10.3;6.6;2.3;4.1;10485;Two-Way Player
20222023;NBBL;NBBL;SEASON;Würzburg Baskets Akademie;Hannes Steinbach;01.05.2006;Big;Pure Creator;Würzburg;Würzburg SEASON 22-23;20222023_NBBL_NBBL_SEASON_Würzburg Baskets Akademie_Hannes Steinbach_01.05.2006;5.0;1.1;2006;16;451.5;275;193;36;9;27;50;33;375;10;0;28.2;17.2;12.1;2.3;0.6;1.7;3.1;2.1;23.4;40.7;18.5;96;168;57.1;3;12;25.0;99;180;55.0;74;108;68.5;113.9;85.6;28.3;7.0;0.3;7.3;4.8;2.7;1.2;3.9;0.3;267.5;16.7;4.6;12.5;0.7;21.5;1.0;5.5;25.1;61.6;55.8;18.0;15.6;41.1;122;71;271.2;0.562;0.698;115.9;87.1;28.8;582.6;0.2;1.2;1.2;27.6;4.4;7.6;6.2;11.3;0.2;0.8;4.6;6.8;36.4;28;22;5;3;6;6;0;0;1;14.9;251.2;15.7;7.9;6.0;10.5;10487;Two-Way Player,High Impact Player
20232024;NBBL;NBBL B;REGULAR SEASON;Team Bonn/Rhöndorf;Marko Rosic;05.04.2005;Point;Pure Creator;Bonn-Rhöndorf;Bonn-Rhöndorf REGULAR SEASON 23-24;20232024_NBBL_NBBL B_REGULAR SEASON_Team Bonn/Rhöndorf_Marko Rosic_05.04.2005;1.2;1.0;2005;8;223.0;137;24;37;8;0;13;7;122;0;0;27.9;17.1;3.0;4.6;1.0;0.0;1.6;0.9;15.3;35.6;15.3;28;57;49.1;13;47;27.7;41;104;39.4;42;50;84.0;123.3;96.6;26.7;7.3;-0.4;6.9;4.7;1.7;0.2;1.9;0.3;87.8;11.0;8.6;25.0;2.8;6.8;1.8;0.0;25.4;55.2;45.7;9.4;2.2;40.4;20;4;143.6;0.547;0.471;121.9;95.5;26.4;224.3;0.6;1.1;1.2;11.4;0.5;2.5;5.1;13.0;1.6;5.9;5.3;6.3;28.0;27;6;8;3;0;3;0;0;4;14.6;104.3;13.0;5.3;3.5;7.1;10494;High Impact Player
20222023;NBBL;NBBL;SEASON;ratiopharm Ulm;Sebastian Pachucki;27.08.2004;Big;Creator;ratiopharm Ulm;ratiopharm Ulm SEASON 22-23;20222023_NBBL_NBBL_SEASON_ratiopharm Ulm_Sebastian Pachucki_27.08.2004;5.0;2.9;2004;13;216.8;93;79;16;8;16;23;24;149;0;0;16.7;7.2;6.1;1.2;0.6;1.2;1.8;1.8;11.5;32.9;6.8;38;65;58.5;1;2;50.0;39;67;58.2;14;26;53.8;109.5;83.7;25.8;2.3;-0.2;2.1;1.4;0.9;0.7;1.5;0.3;106.3;8.2;5.3;15.2;0.7;20.4;1.9;7.2;19.6;60.1;59.0;22.7;19.2;20.9;43;36;98.6;0.542;0.673;115.5;88.3;27.2;236.8;0.3;1.2;1.0;21.4;2.8;3.3;3.0;5.2;0.1;0.2;1.1;2.0;18.2;19;20;4;2;3;0;0;0;1;6.9;92.8;7.1;4.3;2.9;5.0;10495;Two-Way Player
20222023;NBBL;NBBL B;REGULAR SEASON;ratiopharm Ulm;Eric Reibe;29.06.2006;Big;Pure Creator;ratiopharm Ulm;ratiopharm Ulm REGULAR SEASON 22-23;20222023_NBBL_NBBL B_REGULAR SEASON_ratiopharm Ulm_Eric Reibe_29.06.2006;5.0;1.9;2006;7;163.8;112;53;3;7;9;8;9;149;1;0;23.4;16.0;7.6;0.4;1.0;1.3;1.1;1.3;21.3;50.5;15.9;46;58;79.3;0;6;0.0;46;64;71.9;20;29;69.0;139.4;80.6;58.7;5.7;-0.2;5.5;3.5;1.5;0.6;2.1;0.5;102.9;14.7;1.3;3.5;0.4;17.9;2.3;5.4;22.3;74.1;71.9;9.4;10.3;31.3;39;14;91.6;0.698;0.719;150.3;87.0;63.3;204.1;0.9;1.5;1.7;24.3;2.0;5.6;6.6;9.1;0.0;0.9;2.9;4.1;29.2;24;12;1;3;4;2;0;0;0;9.4;107.3;15.3;6.4;6.6;8.3;10496;Two-Way Player,High Impact Player
20222023;NBBL;NBBL;SEASON;ratiopharm Ulm;Finn Lehner;22.04.2004;Wing;Creator;ratiopharm Ulm;ratiopharm Ulm SEASON 22-23;20222023_NBBL_NBBL_SEASON_ratiopharm Ulm_Finn Lehner_22.04.2004;3.2;3.0;2004;13;250.1;114;39;14;12;1;23;36;108;0;0;19.2;8.8;3.0;1.1;0.9;0.1;1.8;2.8;8.3;23.1;4.8;28;46;60.9;13;37;35.1;41;83;49.4;19;26;73.1;108.5;89.2;19.4;1.2;-0.9;0.3;0.8;0.9;0.5;1.4;0.2;59.8;4.6;4.1;11.6;0.6;8.9;2.5;0.4;20.0;61.0;57.2;19.6;4.7;22.9;29;10;102.8;0.485;0.549;114.3;93.9;20.4;184.8;0.5;1.2;1.2;12.8;0.8;2.2;3.2;6.4;1.0;2.8;1.5;2.0;14.2;15;7;3;3;1;0;0;0;3;7.3;70.3;5.4;4.1;2.2;3.5;10497;Efficient Shooter
20222023;NBBL;NBBL;SEASON;ratiopharm Ulm;Lenny Liedtke;08.02.2004;Forward;Pure Creator;ratiopharm Ulm;ratiopharm Ulm SEASON 22-23;20222023_NBBL_NBBL_SEASON_ratiopharm Ulm_Lenny Liedtke_08.02.2004;3.4;1.8;2004;13;295.2;197;82;21;27;5;24;23;223;2;0;22.7;15.2;6.3;1.6;2.1;0.4;1.8;1.8;17.2;43.0;12.9;44;78;56.4;28;69;40.6;72;147;49.0;25;35;71.4;119.8;79.7;40.1;7.4;0.5;7.9;3.9;2.1;1.1;3.2;0.4;158.6;12.2;3.9;10.9;0.9;15.7;4.7;1.7;26.9;61.2;58.5;12.9;9.5;17.0;58;24;177.8;0.523;0.746;125.6;83.5;42.1;366.9;1.1;1.2;1.3;21.4;1.8;4.5;5.5;11.3;2.2;5.3;1.9;2.7;28.2;28;13;4;4;1;4;0;0;4;11.4;165.1;12.7;6.6;3.4;6.0;10498;Two-Way Player,Efficient Shooter,High Impact Player
20222023;NBBL;NBBL;SEASON;ratiopharm Ulm;Tobias Brahe Jensen;08.05.2004;Combo;Pure Creator;ratiopharm Ulm;ratiopharm Ulm SEASON 22-23;20222023_NBBL_NBBL_SEASON_ratiopharm Ulm_Tobias Brahe Jensen_08.05.2004;1.8;1.9;2004;6;118.5;71;23;25;8;0;19;9;64;0;0;19.7;11.8;3.8;4.2;1.3;0.0;3.2;1.5;10.7;29.6;9.1;21;38;55.3;8;32;25.0;29;70;41.4;5;8;62.5;94.3;83.9;10.4;-0.5;-1.0;-1.5;0.2;0.3;0.3;0.6;0.2;42.8;7.1;8.3;25.6;1.3;10.7;3.5;0.0;32.8;48.5;47.1;20.5;1.8;7.1;21;2;72.6;0.424;0.632;98.9;87.9;10.9;133.1;0.4;1.0;0.9;19.6;0.3;3.5;4.8;11.7;1.3;5.3;0.8;1.3;22.2;31;8;8;5;0;1;1;0;3;12.8;43.0;7.2;4.9;3.5;6.3;10500;Sixth Man
20222023;NBBL;NBBL B;REGULAR SEASON;HAKRO Merlins Crailsheim;Malvin Lehmann;21.03.2004;Wing;Pure Creator;Crailsheim;Crailsheim REGULAR SEASON 22-23;20222023_NBBL_NBBL B_REGULAR SEASON_HAKRO Merlins Crailsheim_Malvin Lehmann_21.03.2004;2.6;1.4;2004;14;500.7;299;70;34;43;8;58;39;257;2;0;35.8;21.4;5.0;2.4;3.1;0.6;4.1;2.8;18.4;31.6;14.0;39;93;41.9;60;127;47.2;99;220;45.0;41;59;69.5;106.0;94.1;11.8;5.6;1.9;7.5;8.5;2.0;0.7;2.7;0.2;176.1;12.6;4.0;10.9;0.6;7.8;4.3;1.6;26.1;61.4;58.6;19.1;3.8;18.6;53;17;268.2;0.433;0.619;108.5;96.4;12.1;478.0;0.7;1.2;1.2;11.6;1.2;3.8;7.1;15.7;4.3;9.1;2.9;4.2;34.1;39;10;7;5;2;8;2;0;8;18.1;204.0;14.6;8.8;2.8;6.6;10517;Efficient Shooter
20222023;NBBL;NBBL;SEASON;Würzburg Baskets Akademie;Paul Nickola;07.03.2005;Wing;Creator;Würzburg;Würzburg SEASON 22-23;20222023_NBBL_NBBL_SEASON_Würzburg Baskets Akademie_Paul Nickola_07.03.2005;2.5;3.0;2005;10;174.4;87;22;3;10;1;11;20;70;0;0;17.4;8.7;2.2;0.3;1.0;0.1;1.1;2.0;7.0;22.9;4.9;7;16;43.8;23;56;41.1;30;72;41.7;4;4;100.0;111.7;88.5;23.2;-0.8;-0.7;-1.5;0.2;0.6;0.4;1.0;0.2;42.3;4.2;1.4;3.5;0.3;6.4;2.8;0.5;19.7;59.1;57.6;13.0;2.9;5.6;17;5;69.0;0.411;0.567;111.2;88.1;23.1;128.9;0.9;1.2;1.4;10.0;0.5;1.7;3.0;7.2;2.3;5.6;0.4;0.4;12.9;16;4;1;3;1;0;0;0;4;6.2;51.0;5.1;4.1;0.7;1.6;10537;Two-Way Player
20232024;NBBL;NBBL;SEASON;Orange Academy;Niko Jerkic;13.09.2007;Wing;Pure Creator;Orange;Orange SEASON 23-24;20232024_NBBL_NBBL_SEASON_Orange Academy_Niko Jerkic_13.09.2007;3.2;1.0;2007;8;189.2;162;41;18;4;1;22;11;138;0;0;23.7;20.3;5.1;2.3;0.5;0.1;2.8;1.4;17.3;43.0;15.0;35;66;53.0;16;39;41.0;51;105;48.6;44;56;78.6;114.3;99.7;14.6;2.8;-1.7;1.1;1.0;1.4;0.1;1.5;0.3;90.5;11.3;4.3;11.5;0.8;10.3;1.0;0.4;33.8;63.6;56.2;14.5;4.3;41.9;33;8;145.5;0.514;0.526;112.7;98.3;14.4;226.2;0.2;1.3;1.3;15.5;1.0;4.1;6.4;13.1;2.0;4.9;5.5;7.0;28.3;27;9;5;2;1;5;0;0;5;15.9;110.5;13.8;5.1;4.4;8.3;10538;Efficient Shooter,High Impact Player
20222023;NBBL;NBBL;SEASON;ratiopharm Ulm;Lucca Bretz;28.07.2004;Forward;Creator;ratiopharm Ulm;ratiopharm Ulm SEASON 22-23;20222023_NBBL_NBBL_SEASON_ratiopharm Ulm_Lucca Bretz_28.07.2004;3.5;2.5;2004;8;136.5;62;42;20;12;6;14;9;97;0;0;17.1;7.8;5.3;2.5;1.5;0.8;1.8;1.1;12.1;36.5;8.9;22;38;57.9;4;16;25.0;26;54;48.1;6;9;66.7;110.7;77.6;33.1;2.9;1.1;4.0;1.7;0.6;0.5;1.2;0.3;73.6;9.2;8.5;26.2;1.4;16.7;4.5;4.1;22.0;53.8;51.9;19.4;15.4;11.1;24;18;68.9;0.516;0.757;115.8;81.2;34.6;164.4;0.9;1.1;1.0;17.9;2.3;3.0;3.3;6.8;0.5;2.0;0.8;1.1;20.6;19;9;9;6;3;0;0;0;3;7.8;65.8;8.2;5.0;2.8;4.8;10546;Two-Way Player
20232024;NBBL;NBBL;SEASON;Porsche BBA Ludwigsburg;Daniel Obehi Mack;18.07.2005;Big;Receiver;Ludwigsburg;Ludwigsburg SEASON 23-24;20232024_NBBL_NBBL_SEASON_Porsche BBA Ludwigsburg_Daniel Obehi Mack_18.07.2005;4.8;4.1;2005;6;56.0;8;15;5;1;3;1;3;25;0;0;9.3;1.3;2.5;0.8;0.2;0.5;0.2;0.5;4.2;19.0;2.3;3;6;50.0;0;1;0.0;3;7;42.9;2;4;50.0;126.9;100.8;26.1;-1.3;0.4;-0.9;0.5;0.2;0.0;0.2;0.1;20.5;3.4;13.5;45.9;5.0;16.3;0.9;4.7;7.6;46.5;42.9;10.2;13.1;28.6;9;6;13.0;0.611;0.522;128.4;102.0;26.4;40.5;1.0;0.9;0.8;19.5;1.0;1.5;0.5;1.2;0.0;0.2;0.3;0.7;6.8;3;6;2;1;1;0;0;0;0;1.7;14.8;2.5;1.9;0.5;1.0;10556;Floor General
20222023;NBBL;NBBL A;REGULAR SEASON;Bayer Giants Leverkusen;Florian Heusingfeld;04.01.2004;Forward;Receiver;Leverkusen;Leverkusen REGULAR SEASON 22-23;20222023_NBBL_NBBL A_REGULAR SEASON_Bayer Giants Leverkusen_Florian Heusingfeld_04.01.2004;4.7;4.1;2004;2;11.4;2;2;0;1;0;0;2;4;0;0;5.7;1.0;1.0;0.0;0.5;0.0;0.0;1.0;2.0;17.2;0.7;1;1;100.0;0;1;0.0;1;2;50.0;0;0;0.0;138.2;77.5;60.7;-3.8;0.0;-3.9;0.1;0.0;0.0;0.1;0.3;2.5;1.3;0.0;0.0;0.0;11.2;4.3;0.0;7.4;50.0;50.0;0.0;25.0;0.0;0;2;2.7;0.680;0.575;138.7;77.8;60.9;6.4;0.0;1.0;1.0;0.0;1.0;0.0;0.5;1.0;0.0;0.5;0.0;0.0;3.2;2;2;0;1;0;0;0;0;0;1.0;2.6;1.3;1.3;0.5;0.5;10583;Two-Way Player
20222023;NBBL;NBBL;SEASON;Alba Berlin;Nils Machowski;21.09.2004;Combo;Creator;Alba Berlin;Alba Berlin SEASON 22-23;20222023_NBBL_NBBL_SEASON_Alba Berlin_Nils Machowski_21.09.2004;1.8;2.3;2004;12;214.3;120;43;50;15;0;28;15;130;0;0;17.9;10.0;3.6;4.2;1.3;0.0;2.3;1.3;10.8;29.0;9.1;33;72;45.8;13;41;31.7;46;113;40.7;15;18;83.3;107.0;76.3;30.7;5.4;-1.5;3.8;2.0;0.9;0.9;1.9;0.3;94.0;7.8;11.2;31.3;1.8;10.2;3.2;0.0;25.8;49.9;46.5;18.8;7.4;13.3;28;15;132.1;0.479;0.606;98.3;70.1;28.2;248.6;0.5;1.0;1.0;12.6;1.3;2.3;3.8;9.4;1.1;3.4;1.3;1.5;20.7;17;7;9;2;0;0;0;0;4;10.3;93.0;7.8;4.8;2.8;6.0;10614;Sixth Man
20232024;NBBL;NBBL;SEASON;Sartorius Juniors;Djibril Jeremias Claus;21.07.2006;Wing;Creator;Göttingen;Göttingen SEASON 23-24;20232024_NBBL_NBBL_SEASON_Sartorius Juniors_Djibril Jeremias Claus_21.07.2006;3.2;2.6;2006;3;15.5;15;3;0;0;0;2;1;13;0;0;5.2;5.0;1.0;0.0;0.0;0.0;0.7;0.3;4.3;49.1;4.8;0;1;0.0;5;7;71.4;5;8;62.5;0;0;0.0;114.5;90.5;24.0;-3.7;-0.9;-4.6;-0.1;0.1;0.0;0.1;0.2;9.0;3.0;0.0;0.0;0.0;10.4;0.0;0.0;26.4;93.8;93.8;20.0;6.8;0.0;2;1;6.9;0.389;0.415;112.6;89.0;23.6;16.6;0.0;1.9;2.5;13.9;0.3;0.7;1.7;2.7;1.7;2.3;0.0;0.0;5.5;12;2;0;0;0;0;0;0;4;2.0;10.3;3.4;0.9;0.0;0.3;10623;Two-Way Player
20232024;NBBL;NBBL;SEASON;Eintracht Frankfurt;Leif Zentgraf;14.11.2005;Wing;Creator;Frankfurt;Frankfurt SEASON 23-24;20232024_NBBL_NBBL_SEASON_Eintracht Frankfurt_Leif Zentgraf_14.11.2005;3.2;2.5;2005;13;386.4;180;78;26;20;4;24;31;186;0;0;29.7;13.8;6.0;2.0;1.5;0.3;1.8;2.4;14.3;28.0;12.6;40;67;59.7;19;71;26.8;59;138;42.8;43;62;69.4;114.5;86.4;28.1;6.5;0.2;6.7;3.9;1.7;1.0;2.8;0.3;128.5;9.9;4.7;13.2;1.1;11.0;2.6;1.0;20.4;55.3;49.6;12.7;6.9;31.2;53;25;175.6;0.521;0.589;117.5;88.6;28.9;336.6;0.8;1.1;1.2;15.2;1.9;4.1;4.5;10.6;1.5;5.5;3.3;4.8;25.9;22;14;4;4;3;1;0;0;3;11.8;137.4;10.6;6.9;3.1;5.2;10628;Two-Way Player
20232024;NBBL;NBBL;SEASON;Young Rasta Dragons;Johannes Hellmann;09.07.2006;Wing;Neutral;Rasta Vechta;Rasta Vechta SEASON 23-24;20232024_NBBL_NBBL_SEASON_Young Rasta Dragons_Johannes Hellmann_09.07.2006;2.6;3.3;2006;20;246.4;88;32;7;15;1;13;12;88;0;0;12.3;4.4;1.6;0.4;0.8;0.1;0.7;0.6;4.4;21.3;3.7;1;7;14.3;26;59;44.1;27;66;40.9;8;11;72.7;117.8;90.8;27.0;1.8;-0.3;1.4;1.3;0.8;0.5;1.3;0.2;63.6;3.2;3.0;8.2;0.5;7.8;3.1;0.4;14.3;62.5;60.6;15.5;2.3;12.1;27;5;74.8;0.427;0.541;121.5;93.7;27.8;155.9;1.2;1.3;1.4;14.2;0.3;1.4;1.4;3.3;1.3;3.0;0.4;0.6;7.8;13;9;1;2;1;0;0;0;4;3.2;65.8;3.3;2.6;0.1;0.4;10642;Efficient Shooter
20222023;NBBL;NBBL A;PLAYOFFS;ratiopharm Ulm;Pacôme Dadiet;27.07.2005;Forward;Pure Creator;ratiopharm Ulm;ratiopharm Ulm PLAYOFFS 22-23;20222023_NBBL_NBBL A_PLAYOFFS_ratiopharm Ulm_Pacôme Dadiet_27.07.2005;3.9;1.0;2005;1;26.5;22;4;3;0;1;3;3;22;0;0;26.5;22.0;4.0;3.0;0.0;1.0;3.0;3.0;22.0;50.8;23.1;7;9;77.8;0;1;0.0;7;10;70.0;8;10;80.0;130.7;112.1;18.6;-2.5;0.4;-2.1;0.7;0.3;0.0;0.3;0.4;13.3;13.3;5.3;16.3;1.0;10.8;0.0;4.2;32.7;78.6;70.0;17.2;0.0;80.0;4;0;20.6;0.638;0.494;149.1;127.9;21.2;30.3;0.0;1.6;1.4;17.2;0.0;4.0;7.0;10.0;0.0;1.0;8.0;10.0;30.3;22;4;3;0;1;1;0;0;0;15.7;16.8;16.8;4.7;7.0;9.0;10648;High Impact Player
20222023;NBBL;NBBL B;PLAY-DOWN;Basketball Löwen Erfurt;Fidelius Kraus;16.01.2004;Point;Pure Creator;Löwen Erfurt;Löwen Erfurt PLAY-DOWN 22-23;20222023_NBBL_NBBL B_PLAY-DOWN_Basketball Löwen Erfurt_Fidelius Kraus_16.01.2004;1.0;1.8;2004;2;38.5;26;3;7;3;0;3;2;24;0;0;19.3;13.0;1.5;3.5;1.5;0.0;1.5;1.0;12.0;40.3;7.8;4;6;66.7;4;11;36.4;8;17;47.1;6;9;66.7;122.8;88.2;34.6;-1.6;-0.2;-1.8;0.8;0.3;0.1;0.4;0.4;18.4;9.2;9.4;27.3;2.3;5.0;3.8;0.0;26.2;63.1;58.8;12.5;3.4;35.3;2;1;26.7;0.539;0.517;119.3;85.7;33.6;43.1;1.0;1.3;1.2;6.6;0.5;1.0;4.0;8.5;2.0;5.5;3.0;4.5;21.6;18;2;5;2;0;0;0;0;3;10.9;21.5;10.8;4.1;2.0;3.0;10652;Two-Way Player
20232024;NBBL;NBBL A;REGULAR SEASON;Baskets Paderborn;Osaigbovo Idehen Aguebor;30.01.2008;Big;Neutral;Paderborn;Paderborn REGULAR SEASON 23-24;20232024_NBBL_NBBL A_REGULAR SEASON_Baskets Paderborn_Osaigbovo Idehen Aguebor_30.01.2008;5.0;3.6;2008;3;39.8;22;19;1;2;3;1;6;35;0;0;13.3;7.3;6.3;0.3;0.7;1.0;0.3;2.0;11.7;39.0;5.6;8;14;57.1;0;4;0.0;8;18;44.4;6;7;85.7;128.2;92.6;35.6;-3.1;-0.9;-4.1;-0.2;0.3;0.1;0.3;0.3;24.6;8.2;1.8;4.4;1.0;24.1;2.4;6.2;21.9;52.9;44.4;4.5;25.3;33.3;9;10;22.6;0.612;0.665;122.0;88.1;33.9;55.3;2.0;1.1;1.2;22.8;3.3;3.0;2.7;6.0;0.0;1.3;2.0;2.3;18.4;12;11;1;1;2;0;0;0;0;5.9;23.3;7.8;3.7;2.7;4.7;10670;Two-Way Player
20232024;NBBL;NBBL;SEASON;UBC Münster;Viktor Ludviksson;14.05.2006;Forward;Pure Creator;Münster;Münster SEASON 23-24;20232024_NBBL_NBBL_SEASON_UBC Münster_Viktor Ludviksson_14.05.2006;4.2;1.9;2006;15;445.1;227;113;27;25;13;54;55;248;2;0;29.7;15.1;7.5;1.8;1.7;0.9;3.6;3.7;16.5;28.3;11.1;63;111;56.8;11;33;33.3;74;144;51.4;68;101;67.3;103.5;94.6;8.9;1.4;1.0;2.4;2.2;1.4;0.6;1.9;0.2;157.4;10.5;4.1;10.7;0.5;14.1;2.7;2.5;22.6;61.6;55.2;22.3;7.9;47.2;81;32;219.9;0.501;0.623;101.4;92.7;8.7;425.1;0.5;1.2;1.1;20.6;2.1;5.4;4.9;9.6;0.7;2.2;4.5;6.7;28.3;33;16;6;5;3;3;2;0;3;14.2;166.3;11.1;7.6;4.2;7.4;10690;Efficient Shooter
20232024;NBBL;NBBL B;REGULAR SEASON;Würzburg Baskets Akademie;Wendland Noah;03.12.2007;Point;Creator;Würzburg;Würzburg REGULAR SEASON 23-24;20232024_NBBL_NBBL B_REGULAR SEASON_Würzburg Baskets Akademie_Wendland Noah_03.12.2007;1.5;2.3;2007;6;161.2;63;13;14;8;1;28;15;45;0;0;26.9;10.5;2.2;2.3;1.3;0.2;4.7;2.5;7.5;15.0;4.0;7;17;41.2;13;27;48.1;20;44;45.5;10;12;83.3;92.0;102.0;-10.0;-1.2;-0.3;-1.5;0.2;0.1;0.0;0.1;0.0;23.5;3.9;6.3;17.4;0.5;4.6;2.4;0.5;20.0;64.5;60.2;36.2;2.5;22.7;10;3;61.6;0.372;0.493;90.3;100.0;-9.8;89.6;0.3;1.3;0.9;6.2;0.5;1.7;3.3;7.3;2.2;4.5;1.7;2.0;14.9;14;5;6;3;1;0;0;0;4;11.2;29.0;4.8;5.4;1.2;2.8;10714;Efficient Shooter
20232024;NBBL;NBBL B;REGULAR SEASON;ratiopharm Ulm;Connor Anderson;09.11.2005;Wing;Receiver;ratiopharm Ulm;ratiopharm Ulm REGULAR SEASON 23-24;20232024_NBBL_NBBL B_REGULAR SEASON_ratiopharm Ulm_Connor Anderson_09.11.2005;2.7;4.6;2005;9;156.1;30;28;7;10;1;4;11;51;0;0;17.3;3.3;3.1;0.8;1.1;0.1;0.4;1.2;5.7;16.5;3.3;13;19;68.4;1;15;6.7;14;34;41.2;1;2;50.0;110.7;85.5;25.1;2.5;0.5;3.1;2.4;0.3;0.4;0.7;0.2;37.8;4.2;6.1;17.3;1.8;9.9;3.2;0.7;10.2;43.1;42.6;10.3;12.3;2.9;10;18;36.4;0.532;0.523;111.1;85.9;25.2;92.1;2.5;0.9;0.9;7.3;2.0;1.1;1.6;3.8;0.1;1.7;0.1;0.2;10.2;10;8;2;3;1;0;0;0;1;3.7;34.2;3.8;3.6;1.4;2.1;10751;Two-Way Player
20232024;NBBL;NBBL B;REGULAR SEASON;Orange Academy;Eliah Linus Braun;12.12.2007;Big;Creator;Orange;Orange REGULAR SEASON 23-24;20232024_NBBL_NBBL B_REGULAR SEASON_Orange Academy_Eliah Linus Braun_12.12.2007;5.0;3.0;2007;7;119.3;36;45;5;3;7;6;13;78;0;0;17.0;5.1;6.4;0.7;0.4;1.0;0.9;1.9;11.1;27.4;9.5;17;24;70.8;0;0;0.0;17;24;70.8;2;7;28.6;116.7;79.8;37.0;0.0;0.4;0.4;1.2;0.4;0.4;0.8;0.3;54.9;7.8;5.2;14.6;0.8;19.7;1.3;5.7;11.9;67.2;70.8;18.1;11.6;8.3;32;13;34.4;0.588;0.739;118.8;81.2;37.6;111.5;0.5;1.3;1.2;27.3;1.9;4.6;2.4;3.4;0.0;0.0;0.3;1.0;15.9;10;11;2;2;2;0;0;0;0;4.2;42.9;6.1;5.0;2.4;3.4;10765;Two-Way Player
20232024;NBBL;NBBL;SEASON;Orange Academy;Endurance Aiyamenkhue;01.06.2007;Big;Creator;Orange;Orange SEASON 23-24;20232024_NBBL_NBBL_SEASON_Orange Academy_Endurance Aiyamenkhue_01.06.2007;5.0;2.3;2007;15;371.1;183;143;12;5;65;25;40;294;5;0;24.7;12.2;9.5;0.8;0.3;4.3;1.7;2.7;19.6;38.3;14.2;72;125;57.6;0;0;0.0;72;125;57.6;39;75;52.0;111.2;83.8;27.4;3.4;2.3;5.7;3.5;1.6;1.2;2.7;0.3;218.9;14.6;2.4;6.4;0.5;19.1;0.7;14.9;21.1;59.0;57.6;13.7;15.5;31.2;89;54;176.5;0.571;0.748;113.1;85.2;27.9;487.6;0.2;1.2;1.2;22.2;3.6;5.9;4.8;8.3;0.0;0.0;2.6;5.0;32.5;21;19;3;1;8;1;0;0;0;10.6;192.3;12.8;7.3;4.8;8.3;10769;Two-Way Player,High Impact Player
20232024;NBBL;NBBL;SEASON;BBA Giants Kornwestheim;Jonathan Gerlinger;15.11.2005;Big;Pure Creator;Kornwestheim;Kornwestheim SEASON 23-24;20232024_NBBL_NBBL_SEASON_BBA Giants Kornwestheim_Jonathan Gerlinger_15.11.2005;5.0;1.7;2005;13;305.6;138;124;17;14;9;25;27;224;5;0;23.5;10.6;9.5;1.3;1.1;0.7;1.9;2.1;17.2;37.2;13.1;53;83;63.9;0;2;0.0;53;85;62.4;32;53;60.4;121.1;93.0;28.1;3.0;-1.1;1.8;1.5;1.7;0.5;2.2;0.3;166.4;12.8;4.4;12.3;0.7;24.0;2.3;2.7;18.3;65.0;62.4;18.7;25.1;37.6;54;70;143.8;0.604;0.596;124.7;95.7;29.0;333.3;0.6;1.3;1.2;22.9;5.4;4.2;4.1;6.5;0.0;0.2;2.5;4.1;25.6;27;17;5;4;2;1;0;0;0;9.1;152.9;11.8;5.5;4.1;6.4;10778;High Impact Player
20232024;NBBL;NBBL B;REGULAR SEASON;VfL Kirchheim Knights;Nil Failenschmid Clavera;25.10.2005;Big;Pure Creator;Kirchheim;Kirchheim REGULAR SEASON 23-24;20232024_NBBL_NBBL B_REGULAR SEASON_VfL Kirchheim Knights_Nil Failenschmid Clavera_25.10.2005;5.0;1.7;2005;11;344.4;157;123;36;9;20;24;24;266;6;0;31.3;14.3;11.2;3.3;0.8;1.8;2.2;2.2;24.2;37.4;19.0;62;98;63.3;7;24;29.2;69;122;56.6;12;14;85.7;119.3;91.2;28.1;7.5;2.6;10.1;8.1;1.8;0.6;2.5;0.3;192.0;17.5;7.2;22.5;1.5;20.2;1.4;5.9;19.3;61.5;59.4;15.8;13.6;9.8;81;42;155.1;0.556;0.670;127.2;97.3;30.0;392.6;0.4;1.2;1.2;27.0;3.8;7.4;6.3;11.1;0.6;2.2;1.1;1.3;35.7;32;17;5;2;4;1;1;0;2;11.8;166.7;15.2;7.9;5.6;8.9;10780;Efficient Shooter,High Impact Player
20232024;NBBL;NBBL B;REGULAR SEASON;Team Bonn/Rhöndorf;Oumar Bamba;03.08.2006;Big;Creator;Bonn-Rhöndorf;Bonn-Rhöndorf REGULAR SEASON 23-24;20232024_NBBL_NBBL B_REGULAR SEASON_Team Bonn/Rhöndorf_Oumar Bamba_03.08.2006;5.0;2.8;2006;10;163.6;96;105;2;10;9;33;40;149;3;0;16.4;9.6;10.5;0.2;1.0;0.9;3.3;4.0;14.9;37.2;10.1;39;64;60.9;0;2;0.0;39;66;59.1;18;31;58.1;98.1;75.0;23.1;-1.7;-1.4;-3.1;-0.4;0.4;0.7;1.2;0.3;92.6;9.3;0.7;1.8;0.1;36.2;3.0;5.4;27.0;61.2;59.1;29.3;29.4;27.3;61;44;97.1;0.495;0.858;95.8;73.3;22.6;230.0;0.3;1.2;1.0;43.4;4.4;6.1;3.9;6.6;0.0;0.2;1.8;3.1;23.0;17;22;1;3;3;0;0;0;0;9.9;78.0;7.8;5.8;3.9;6.4;10801;High Impact Player
20232024;NBBL;NBBL B;REGULAR SEASON;Metropol Baskets Ruhr;Simon Rentz;09.07.2007;Point;Neutral;Metropol Ruhr;Metropol Ruhr REGULAR SEASON 23-24;20232024_NBBL_NBBL B_REGULAR SEASON_Metropol Baskets Ruhr_Simon Rentz_09.07.2007;1.3;3.9;2007;3;31.4;4;4;4;1;0;1;5;9;0;0;10.5;1.3;1.3;1.3;0.3;0.0;0.3;1.7;3.0;11.3;0.8;2;5;40.0;0;0;0.0;2;5;40.0;0;0;0.0;118.3;101.1;17.2;-2.7;0.2;-2.5;0.3;0.1;0.0;0.1;0.1;5.5;1.8;16.7;58.8;4.0;8.2;1.5;0.0;7.6;40.0;40.0;16.7;12.1;0.0;1;3;7.0;0.567;0.420;114.2;97.6;16.6;15.8;1.0;0.8;0.7;4.2;1.0;0.3;0.7;1.7;0.0;0.0;0.0;0.0;5.3;2;3;3;1;0;0;0;0;0;2.0;4.5;1.5;1.8;0.7;1.7;10803;Floor General
20232024;NBBL;NBBL;SEASON;KICKZ IBAM;Matija Milosevic;31.05.2005;Combo;Pure Creator;IBAM;IBAM SEASON 23-24;20232024_NBBL_NBBL_SEASON_KICKZ IBAM_Matija Milosevic_31.05.2005;2.5;1.0;2005;17;490.9;369;103;60;36;7;39;46;374;4;0;28.9;21.7;6.1;3.5;2.1;0.4;2.3;2.7;22.0;47.4;18.3;65;129;50.4;62;146;42.5;127;275;46.2;53;67;79.1;122.3;94.6;27.8;10.1;2.0;12.1;7.9;4.2;0.7;4.9;0.4;261.9;15.4;5.7;16.8;1.5;11.9;3.8;1.4;31.2;61.1;57.5;11.4;5.7;19.3;79;24;345.5;0.514;0.654;129.2;99.8;29.3;629.6;0.9;1.2;1.3;17.8;1.4;4.6;7.5;16.2;3.6;8.6;3.1;3.9;37.0;35;12;8;4;2;10;1;0;7;16.6;287.7;16.9;7.2;3.8;7.6;10818;Efficient Shooter,High Impact Player
20232024;NBBL;NBBL;SEASON;Medipolis SC Jena;Hendrik Metsa;08.11.2007;Combo;Pure Creator;SC Jena;SC Jena SEASON 23-24;20232024_NBBL_NBBL_SEASON_Medipolis SC Jena_Hendrik Metsa_08.11.2007;1.9;1.4;2007;15;344.7;188;33;38;17;2;42;29;167;0;0;23.0;12.5;2.2;2.5;1.1;0.1;2.8;1.9;11.1;28.1;8.1;25;55;45.5;35;65;53.8;60;120;50.0;33;42;78.6;113.0;100.1;12.9;4.0;-1.1;2.9;2.1;1.6;0.1;1.7;0.2;111.5;7.4;7.0;20.0;0.9;5.8;2.5;0.7;22.4;68.7;64.6;23.3;5.6;27.5;17;16;171.5;0.469;0.492;113.3;100.4;12.9;280.6;0.4;1.4;1.2;6.0;1.1;1.1;4.0;8.0;2.3;4.3;2.2;2.8;18.7;26;5;5;4;1;4;0;0;6;10.1;132.1;8.8;4.5;1.7;3.7;10831;Efficient Shooter
20232024;NBBL;NBBL;SEASON;Baskets Juniors Oldenburg;Finn Stuhlmeyer;28.07.2007;Forward;Neutral;Oldenburg;Oldenburg SEASON 23-24;20232024_NBBL_NBBL_SEASON_Baskets Juniors Oldenburg_Finn Stuhlmeyer_28.07.2007;4.1;3.4;2007;11;71.8;23;23;5;5;3;4;12;42;0;0;6.5;2.1;2.1;0.5;0.5;0.3;0.4;1.1;3.8;27.6;2.4;7;14;50.0;0;1;0.0;7;15;46.7;9;14;64.3;117.5;86.7;30.7;-2.5;0.2;-2.3;0.2;0.3;0.2;0.5;0.3;29.3;2.7;6.5;18.8;1.3;17.7;3.6;4.6;14.5;55.8;46.7;15.9;15.1;60.0;13;10;26.3;0.592;0.704;120.9;89.3;31.6;70.1;1.3;1.1;1.0;20.4;0.9;1.2;0.6;1.4;0.0;0.1;0.8;1.3;6.4;11;8;2;3;1;0;0;0;0;2.0;26.0;2.4;1.8;0.6;1.3;10870;Two-Way Player
20232024;NBBL;NBBL;SEASON;Team Urspring;Till Galler;03.01.2007;Combo;Neutral;Urspring;Urspring SEASON 23-24;20232024_NBBL_NBBL_SEASON_Team Urspring_Till Galler_03.01.2007;1.8;3.5;2007;11;67.8;14;9;8;2;0;3;11;23;0;0;6.2;1.3;0.8;0.7;0.2;0.0;0.3;1.0;2.1;14.9;1.0;3;8;37.5;2;4;50.0;5;12;41.7;2;2;100.0;118.7;98.3;20.4;-3.0;0.1;-2.9;0.1;0.2;0.0;0.2;0.1;13.3;1.2;12.6;45.6;2.7;8.1;1.6;0.0;10.4;54.7;50.0;18.9;5.2;16.7;6;3;17.2;0.502;0.467;126.8;105.0;21.8;37.8;0.7;1.1;1.0;11.3;0.3;0.5;0.5;1.1;0.2;0.4;0.2;0.2;3.4;5;3;2;1;0;0;0;0;1;1.3;11.7;1.1;1.1;0.3;0.7;10875;Floor General
20232024;NBBL;NBBL;SEASON;Porsche BBA Ludwigsburg;Daniel Hinkov;22.11.2007;Wing;Creator;Ludwigsburg;Ludwigsburg SEASON 23-24;20232024_NBBL_NBBL_SEASON_Porsche BBA Ludwigsburg_Daniel Hinkov_22.11.2007;3.0;2.7;2007;10;122.5;56;24;12;6;0;7;15;63;0;0;12.2;5.6;2.4;1.2;0.6;0.0;0.7;1.5;6.3;27.8;4.0;4;12;33.3;13;29;44.8;17;41;41.5;9;13;69.2;124.2;90.3;33.8;-0.7;-1.0;-1.7;0.2;0.7;0.3;0.9;0.3;43.9;4.4;7.2;21.2;1.7;10.6;2.5;0.0;18.3;60.6;57.3;13.0;7.3;22.0;16;8;53.3;0.499;0.548;126.6;92.1;34.5;107.8;0.9;1.2;1.3;13.7;0.8;1.6;1.7;4.1;1.3;2.9;0.9;1.3;10.8;20;8;7;2;0;1;0;0;4;4.3;44.3;4.4;2.6;0.4;1.2;10879;Efficient Shooter
20232024;NBBL;NBBL A;REGULAR SEASON;Medipolis SC Jena;Karl Haring;26.11.2007;Point;Creator;SC Jena;SC Jena REGULAR SEASON 23-24;20232024_NBBL_NBBL A_REGULAR SEASON_Medipolis SC Jena_Karl Haring_26.11.2007;1.0;2.3;2007;4;32.8;20;2;7;1;0;2;1;19;0;0;8.2;5.0;0.5;1.8;0.3;0.0;0.5;0.3;4.8;35.4;3.8;8;11;72.7;0;2;0.0;8;13;61.5;4;8;50.0;123.5;105.9;17.6;-3.4;-0.8;-4.1;-0.2;0.2;0.0;0.2;0.3;14.5;3.6;11.6;34.7;3.5;3.4;1.4;0.0;22.6;61.7;61.5;10.8;3.2;30.8;1;1;20.1;0.625;0.411;117.6;100.8;16.8;32.9;0.5;1.2;1.2;3.6;0.3;0.3;2.0;3.3;0.0;0.5;1.0;2.0;8.2;12;2;6;1;0;0;0;0;0;4.1;17.0;4.3;1.4;2.0;2.8;10881;Floor General
20232024;NBBL;NBBL A;REGULAR SEASON;Medipolis SC Jena;Niklas Schulz;01.02.2005;Combo;Receiver;SC Jena;SC Jena REGULAR SEASON 23-24;20232024_NBBL_NBBL A_REGULAR SEASON_Medipolis SC Jena_Niklas Schulz_01.02.2005;2.2;4.6;2005;7;31.8;0;5;4;1;0;1;4;3;0;0;4.5;0.0;0.7;0.6;0.1;0.0;0.1;0.6;0.4;0.8;-0.2;0;1;0.0;0;3;0.0;0;4;0.0;0;2;0.0;46.5;103.0;-56.5;-3.4;0.4;-2.9;0.3;-0.1;0.0;-0.1;-0.1;2.3;0.3;16.7;59.3;4.0;9.0;1.5;0.0;7.6;0.0;0.0;17.0;3.3;0.0;4;1;2.5;0.209;0.496;45.4;100.5;-55.2;13.0;1.0;0.0;0.0;15.7;0.1;0.6;0.0;0.6;0.0;0.4;0.0;0.3;1.9;0;4;2;1;0;0;0;0;0;0.8;-0.5;-0.1;0.9;0.0;0.1;10882;Floor General
20232024;NBBL;NBBL;SEASON;Team Urspring;Lennart Tröppner;09.03.2007;Wing;Receiver;Urspring;Urspring SEASON 23-24;20232024_NBBL_NBBL_SEASON_Team Urspring_Lennart Tröppner_09.03.2007;3.2;4.0;2007;10;47.8;6;10;6;1;1;2;3;16;0;0;4.8;0.6;1.0;0.6;0.1;0.1;0.2;0.3;1.6;14.4;1.0;3;7;42.9;0;2;0.0;3;9;33.3;0;0;0.0;98.9;101.3;-2.4;-2.3;0.1;-2.1;0.3;0.1;0.0;0.1;0.1;12.5;1.3;13.2;49.2;3.0;12.4;1.1;2.5;10.2;33.3;33.3;18.2;11.5;0.0;5;5;10.3;0.464;0.477;106.7;109.3;-2.6;29.0;0.5;0.7;0.6;13.5;0.5;0.5;0.3;0.9;0.0;0.2;0.0;0.0;2.9;2;3;3;1;1;0;0;0;0;1.0;8.6;0.9;0.9;0.3;0.7;10900;Floor General
20232024;NBBL;NBBL;SEASON;Baskets Juniors Oldenburg;Igor Jokic;05.02.2005;Combo;Pure Creator;Oldenburg;Oldenburg SEASON 23-24;20232024_NBBL_NBBL_SEASON_Baskets Juniors Oldenburg_Igor Jokic_05.02.2005;2.4;1.0;2005;15;324.2;257;45;21;24;0;36;38;202;0;0;21.6;17.1;3.0;1.4;1.6;0.0;2.4;2.5;13.5;40.5;12.5;49;90;54.4;35;83;42.2;84;173;48.6;54;74;73.0;117.3;93.2;24.1;3.0;-1.6;1.4;1.4;2.4;0.5;2.9;0.4;125.8;8.4;3.1;8.5;0.6;8.2;3.8;0.0;32.4;63.4;58.7;14.9;3.7;31.2;35;10;218.2;0.514;0.600;122.0;96.9;25.1;354.5;0.7;1.3;1.4;12.5;0.7;2.3;5.6;11.5;2.3;5.5;3.6;4.9;23.6;34;7;4;4;0;7;2;0;5;12.4;166.5;11.1;5.0;3.3;6.0;10903;Efficient Shooter,High Impact Player
20232024;NBBL;NBBL A;REGULAR SEASON;Bamberg freakcity academy;Denzel Mota;24.10.2007;Combo;Neutral;Bamberg;Bamberg REGULAR SEASON 23-24;20232024_NBBL_NBBL A_REGULAR SEASON_Bamberg freakcity academy_Denzel Mota_24.10.2007;1.9;4.0;2007;10;167.2;17;16;16;6;0;5;23;33;0;0;16.7;1.7;1.6;1.6;0.6;0.0;0.5;2.3;3.3;7.4;0.7;4;12;33.3;2;10;20.0;6;22;27.3;3;4;75.0;93.6;113.3;-19.7;-4.4;1.5;-2.8;-0.3;0.1;-0.2;-0.2;0.0;17.8;1.8;14.2;49.8;3.2;5.4;1.8;0.0;7.4;36.0;31.8;17.4;3.3;13.6;11;5;24.9;0.417;0.444;94.6;114.4;-19.9;67.2;1.2;0.7;0.6;7.5;0.5;1.1;0.6;2.2;0.2;1.0;0.3;0.4;6.7;5;5;4;2;0;0;0;0;1;2.7;13.4;1.3;3.0;0.4;1.2;10923;Floor General
20232024;NBBL;NBBL A;REGULAR SEASON;Medipolis SC Jena;Jacques Achard;23.02.2005;Point;Neutral;SC Jena;SC Jena REGULAR SEASON 23-24;20232024_NBBL_NBBL A_REGULAR SEASON_Medipolis SC Jena_Jacques Achard_23.02.2005;1.1;3.8;2005;1;5.2;5;0;0;0;0;0;0;2;0;0;5.2;5.0;0.0;0.0;0.0;0.0;0.0;0.0;2.0;34.3;1.7;1;3;33.3;1;2;50.0;2;5;40.0;0;0;0.0;117.5;87.0;30.5;-4.7;-0.4;-5.2;-0.2;0.0;0.0;0.1;0.4;1.3;1.3;0.0;0.0;0.0;0.0;0.0;0.0;40.2;50.0;50.0;0.0;0.0;0.0;0;0;3.5;0.470;0.390;118.8;88.0;30.9;5.0;0.0;1.0;1.7;0.0;0.0;0.0;2.0;5.0;1.0;2.0;0.0;0.0;5.0;5;0;0;0;0;0;0;0;1;3.0;2.3;2.3;0.8;1.0;3.0;10926;Two-Way Player
20232024;NBBL;NBBL;SEASON;Porsche BBA Ludwigsburg;Dominic Mack;01.01.2007;Wing;Neutral;Ludwigsburg;Ludwigsburg SEASON 23-24;20232024_NBBL_NBBL_SEASON_Porsche BBA Ludwigsburg_Dominic Mack_01.01.2007;2.9;3.2;2007;7;61.1;33;15;3;5;0;3;11;35;0;0;8.7;4.7;2.1;0.4;0.7;0.0;0.4;1.6;5.0;32.4;2.8;6;15;40.0;3;6;50.0;9;21;42.9;12;18;66.7;125.3;87.2;38.2;-3.4;-0.7;-4.1;-0.2;0.4;0.2;0.6;0.4;23.3;3.3;3.5;9.0;1.0;13.9;4.1;0.0;21.4;58.5;50.0;9.4;14.9;57.1;7;8;32.6;0.587;0.601;125.7;87.4;38.3;62.5;1.7;1.2;1.3;12.9;1.1;1.0;1.3;3.0;0.4;0.9;1.7;2.6;8.9;12;5;1;2;0;0;0;0;1;3.7;26.9;3.8;2.1;0.9;2.1;10929;Two-Way Player
20232024;NBBL;NBBL B;REGULAR SEASON;Team Bonn/Rhöndorf;#7Bonn;00.01.1900;Combo;Creator;Bonn-Rhöndorf;Bonn-Rhöndorf REGULAR SEASON 23-24;20232024_NBBL_NBBL B_REGULAR SEASON_Team Bonn/Rhöndorf_#7Bonn_00.01.1900;1.9;2.6;0;1;13.5;5;0;3;4;0;2;3;9;0;0;13.5;5.0;0.0;3.0;4.0;0.0;2.0;3.0;9.0;36.7;5.5;0;1;0.0;1;1;100.0;1;2;50.0;2;2;100.0;122.7;69.8;52.9;-3.5;1.2;-2.3;0.5;0.1;0.1;0.1;0.4;6.3;6.3;16.0;54.1;1.5;0.0;14.1;0.0;15.1;89.3;75.0;41.0;0.0;100.0;0;0;6.1;0.481;1.056;117.1;66.7;50.5;15.5;2.0;1.8;1.0;0.0;0.0;0.0;1.0;2.0;1.0;1.0;2.0;2.0;15.5;5;0;3;4;0;0;0;0;1;5.0;6.9;6.9;6.0;0.0;1.0;10944;Two-Way Player
20232024;NBBL;NBBL B;REGULAR SEASON;Orange Academy;Teo Milicic;23.05.2008;Point;Pure Creator;Orange;Orange REGULAR SEASON 23-24;20232024_NBBL_NBBL B_REGULAR SEASON_Orange Academy_Teo Milicic_23.05.2008;1.0;1.8;2008;1;21.5;9;1;8;4;0;2;1;13;0;0;21.5;9.0;1.0;8.0;4.0;0.0;2.0;1.0;13.0;36.3;9.1;4;5;80.0;0;4;0.0;4;9;44.4;1;3;33.3;95.4;92.7;2.7;-2.8;0.9;-1.9;0.5;0.0;0.0;0.1;0.1;11.4;11.4;16.6;57.0;4.0;2.3;8.8;0.0;24.6;44.1;44.4;16.2;0.0;11.1;1;0;11.5;0.479;0.714;90.9;88.3;2.5;28.2;2.0;0.9;0.7;4.2;0.0;1.0;4.0;9.0;0.0;4.0;1.0;3.0;28.2;9;1;8;4;0;0;0;0;0;12.0;11.0;11.0;6.5;4.0;5.0;10978;Floor General
20232024;NBBL;NBBL;SEASON;Metropol Baskets Ruhr;Ben Rehkopp;22.10.2006;Combo;Neutral;Metropol Ruhr;Metropol Ruhr SEASON 23-24;20232024_NBBL_NBBL_SEASON_Metropol Baskets Ruhr_Ben Rehkopp_22.10.2006;1.8;3.8;2006;7;89.0;19;13;13;6;2;6;15;30;0;0;12.7;2.7;1.9;1.9;0.9;0.3;0.9;2.1;4.3;14.1;1.6;4;8;50.0;3;14;21.4;7;22;31.8;2;4;50.0;89.4;88.9;0.4;-1.7;0.8;-0.9;0.5;0.0;0.2;0.2;0.1;19.3;2.8;12.6;40.0;2.2;7.2;3.3;2.1;13.9;40.3;38.6;20.2;4.8;9.1;9;4;24.4;0.397;0.562;87.1;86.6;0.4;64.1;1.0;0.8;0.7;9.2;0.6;1.3;1.0;3.1;0.4;2.0;0.3;0.6;9.2;7;4;7;4;2;0;0;0;1;3.9;15.6;2.2;3.0;0.6;1.1;10988;Floor General
20232024;NBBL;NBBL;SEASON;Würzburg Baskets Akademie;Noah Wendland;03.12.2007;Point;Pure Creator;Würzburg;Würzburg SEASON 23-24;20232024_NBBL_NBBL_SEASON_Würzburg Baskets Akademie_Noah Wendland_03.12.2007;1.7;1.7;2007;9;217.4;87;28;33;10;3;32;23;91;0;0;24.2;9.7;3.1;3.7;1.1;0.3;3.6;2.6;10.1;20.3;6.3;22;39;56.4;8;21;38.1;30;60;50.0;19;27;70.4;98.2;95.3;3.0;0.2;0.0;0.2;0.7;0.4;0.3;0.7;0.1;56.9;6.3;10.1;29.6;1.0;6.6;2.2;1.2;19.4;61.4;56.7;30.8;3.1;31.7;22;6;91.8;0.451;0.544;94.5;91.7;2.8;164.1;0.3;1.2;0.9;9.6;0.7;2.4;3.3;6.7;0.9;2.3;2.1;3.0;18.2;19;9;10;3;3;0;0;0;3;10.4;58.6;6.5;5.5;2.4;4.3;10997;Efficient Shooter
20232024;NBBL;NBBL B;REGULAR SEASON;Team Bonn/Rhöndorf;Rémi Völkers;18.04.2008;Point;Creator;Bonn-Rhöndorf;Bonn-Rhöndorf REGULAR SEASON 23-24;20232024_NBBL_NBBL B_REGULAR SEASON_Team Bonn/Rhöndorf_Rémi Völkers_18.04.2008;1.0;2.2;2008;1;12.8;7;1;4;5;0;2;3;13;0;0;12.8;7.0;1.0;4.0;5.0;0.0;2.0;3.0;13.0;53.9;11.5;2;3;66.7;1;2;50.0;3;5;60.0;0;0;0.0;117.8;33.9;83.9;-3.4;1.5;-1.9;0.6;0.1;0.1;0.2;0.6;9.8;9.8;16.1;51.3;2.0;3.6;17.7;0.0;19.3;70.0;70.0;28.6;6.5;0.0;0;1;7.0;0.506;1.172;107.2;30.9;76.3;22.2;2.5;1.4;1.2;0.0;1.0;0.0;3.0;5.0;1.0;2.0;0.0;0.0;22.2;7;1;4;5;0;0;0;0;1;5.9;10.0;10.0;6.6;2.0;3.0;11018;High Impact Player
20232024;NBBL;NBBL A;REGULAR SEASON;Bamberg freakcity academy;Julian Günther;05.04.2008;Point;Creator;Bamberg;Bamberg REGULAR SEASON 23-24;20232024_NBBL_NBBL A_REGULAR SEASON_Bamberg freakcity academy_Julian Günther_05.04.2008;1.3;2.7;2008;3;29.6;5;3;7;2;0;3;5;11;0;0;9.9;1.7;1.0;2.3;0.7;0.0;1.0;1.7;3.7;15.1;1.5;1;3;33.3;1;2;50.0;2;5;40.0;0;0;0.0;94.6;105.2;-10.6;-4.4;0.5;-3.9;-0.1;0.0;0.0;0.0;0.0;7.0;2.3;18.1;74.5;2.3;5.6;3.5;0.0;11.8;50.0;50.0;37.5;0.0;0.0;3;0;7.8;0.405;0.564;97.9;108.8;-10.9;20.1;0.7;1.0;0.6;11.1;0.0;1.0;0.7;1.7;0.3;0.7;0.0;0.0;6.7;3;2;3;1;0;0;0;0;1;2.7;5.1;1.7;2.2;0.3;1.0;11022;Floor General
20232024;NBBL;NBBL;SEASON;Baskets Juniors Oldenburg;Elias Nold;06.11.2005;Point;Neutral;Oldenburg;Oldenburg SEASON 23-24;20232024_NBBL_NBBL_SEASON_Baskets Juniors Oldenburg_Elias Nold_06.11.2005;1.2;3.3;2005;11;108.0;24;8;13;8;1;6;10;30;0;0;9.8;2.2;0.7;1.2;0.7;0.1;0.5;0.9;2.7;16.2;2.1;8;15;53.3;1;6;16.7;9;21;42.9;5;11;45.5;100.0;91.5;8.5;-1.9;0.8;-1.1;0.4;0.1;0.2;0.3;0.1;21.9;2.0;11.3;37.3;2.2;4.2;3.8;1.1;12.7;47.2;45.2;18.8;3.2;23.8;5;3;28.3;0.491;0.548;103.6;94.8;8.8;65.1;1.3;0.9;0.8;5.2;0.3;0.5;0.8;1.9;0.1;0.5;0.5;1.0;5.9;11;2;5;3;1;0;0;0;1;2.6;21.9;2.0;2.1;0.7;1.4;11024;Floor General
20232024;NBBL;NBBL B;REGULAR SEASON;Team Bonn/Rhöndorf;#8Bonn;00.01.1900;Forward;Neutral;Bonn-Rhöndorf;Bonn-Rhöndorf REGULAR SEASON 23-24;20232024_NBBL_NBBL B_REGULAR SEASON_Team Bonn/Rhöndorf_#8Bonn_00.01.1900;3.8;3.4;0;1;23.6;15;6;0;4;2;1;3;19;0;0;23.6;15.0;6.0;0.0;4.0;2.0;1.0;3.0;19.0;45.0;16.4;3;6;50.0;1;3;33.3;4;9;44.4;6;8;75.0;115.4;85.4;30.0;-2.4;1.1;-1.3;0.7;0.1;0.1;0.2;0.3;13.3;13.3;0.0;0.0;0.0;14.7;8.2;7.9;24.9;61.5;50.0;7.4;0.0;66.7;6;0;13.3;0.540;0.985;111.8;82.8;29.0;33.2;4.0;1.2;1.3;30.8;0.0;6.0;4.0;9.0;1.0;3.0;6.0;8.0;33.2;15;6;0;4;2;0;0;0;1;11.5;14.5;14.5;9.7;3.0;6.0;11027;Two-Way Player,High Impact Player
20232024;NBBL;NBBL B;PLAY-DOWN;Metropol Baskets Ruhr;Malte Lubosik;05.08.2007;Wing;Neutral;Metropol Ruhr;Metropol Ruhr PLAY-DOWN 23-24;20232024_NBBL_NBBL B_PLAY-DOWN_Metropol Baskets Ruhr_Malte Lubosik_05.08.2007;2.7;3.0;2007;6;97.7;40;17;6;2;1;6;6;44;0;0;16.3;6.7;2.8;1.0;0.3;0.2;1.0;1.0;7.3;20.7;5.5;11;18;61.1;6;15;40.0;17;33;51.5;0;0;0.0;105.7;91.2;14.5;-0.9;-1.3;-2.2;0.2;0.3;0.1;0.4;0.2;28.5;4.8;5.7;14.9;1.0;8.3;1.0;1.0;16.4;60.6;60.6;15.4;2.1;0.0;15;2;32.9;0.454;0.484;101.7;87.8;13.9;69.4;0.3;1.2;1.3;13.7;0.3;2.5;2.8;5.5;1.0;2.5;0.0;0.0;11.6;12;6;2;1;1;0;0;0;2;5.2;28.1;4.7;3.4;1.8;3.0;11028;Efficient Shooter
20232024;NBBL;NBBL;SEASON;KICKZ IBAM;Timon Gotsis;18.03.2007;Point;Neutral;IBAM;IBAM SEASON 23-24;20232024_NBBL_NBBL_SEASON_KICKZ IBAM_Timon Gotsis_18.03.2007;1.4;4.0;2007;5;67.9;7;9;7;6;0;3;13;16;0;0;13.6;1.4;1.8;1.4;1.2;0.0;0.6;2.6;3.2;9.5;0.3;2;5;40.0;0;5;0.0;2;10;20.0;3;5;60.0;81.7;105.6;-24.0;-3.2;1.6;-1.6;0.3;0.0;0.0;-0.1;0.0;8.6;1.7;11.9;41.7;2.3;8.2;4.7;0.0;9.9;29.2;20.0;19.7;4.9;30.0;6;3;11.4;0.403;0.598;87.2;112.8;-25.6;37.3;2.0;0.6;0.5;12.3;0.6;1.2;0.4;2.0;0.0;1.0;0.6;1.0;7.5;5;5;3;2;0;0;0;0;0;2.8;6.6;1.3;3.1;0.4;1.0;11040;Floor General
20232024;NBBL;NBBL A;REGULAR SEASON;ROTH Energie BBA GIESSEN 46ers;Louis Jakob Sutor;24.11.2008;Forward;Neutral;Giessen;Giessen REGULAR SEASON 23-24;20232024_NBBL_NBBL A_REGULAR SEASON_ROTH Energie BBA GIESSEN 46ers_Louis Jakob Sutor_24.11.2008;3.5;3.0;2008;1;22.2;12;3;1;2;1;0;4;14;0;0;22.2;12.0;3.0;1.0;2.0;1.0;0.0;4.0;14.0;43.7;12.9;1;3;33.3;1;2;50.0;2;5;40.0;7;9;77.8;152.3;112.3;40.0;-3.2;0.7;-2.5;0.3;0.2;0.0;0.2;0.4;9.4;9.4;3.6;10.6;0.0;9.8;5.0;4.5;19.8;69.8;50.0;0.0;6.7;140.0;2;1;12.2;0.692;0.607;171.6;126.6;45.0;23.1;0.0;1.4;1.5;12.9;1.0;2.0;2.0;5.0;1.0;2.0;7.0;9.0;23.1;12;3;1;2;1;0;0;0;1;8.0;11.6;11.6;4.8;1.0;3.0;11044;High Impact Player
